sim_number,customer_id,estimated_cost,plan_end_date,plan_id,plan_start_date,purchase-date,status
1234567808,customer2,25,2026-05-02,plan1,2025-05-02,2025-05-02T00:00:00,PENDING
1234567809,customer2,25,2026-05-02,plan1,2025-05-02,2025-05-02T00:00:00,PENDING
1234567810,customer2,250,2026-05-02,plan2,2025-05-02,2025-05-02T00:00:00,PENDING
1234567811,customer2,25,2026-05-02,plan1,2025-05-02,2025-05-02T00:00:00,PENDING
1234567812,customer2,25,2026-05-02,plan1,2025-05-02,2025-05-02T00:00:00,ACTIVE
1234567813,customer2,25,2026-05-02,plan2,2025-05-02,2025-05-02T00:00:00,PENDING
1234567814,customer2,25,2026-05-02,plan1,2025-05-02,2025-05-02T00:00:00,ACTIVE
1234567815,customer2,25,2026-05-02,plan1,2025-05-02,2025-05-02T00:00:00,PENDING
1234567816,customer1,25,2026-05-02,plan1,2025-05-02,2025-05-02T00:00:00,PENDING
1234567817,customer1,250,2026-05-02,plan1,2025-05-02,2025-05-02T00:00:00,PENDING
1234567818,customer1,25,2026-05-02,plan1,2025-05-02,2025-05-02T00:00:00,PENDING
1234567819,customer1,25,2026-05-02,plan1,2025-05-02,2025-05-02T00:00:00,ACTIVE
1234567820,customer1,25,2026-05-02,plan2,2025-05-02,2025-05-02T00:00:00,PENDING
1234567821,customer1,25,2026-05-02,plan1,2025-05-02,2025-05-02T00:00:00,ACTIVE
1234567822,customer1,25,2026-05-02,plan1,2025-05-02,2025-05-02T00:00:00,PENDING
1234567823,customer2,25,2026-05-02,plan2,2025-05-02,2025-05-02T00:00:00,PENDING
1234567824,customer2,250,2026-05-02,plan1,2025-05-02,2025-05-02T00:00:00,PENDING
1234567825,customer2,25,2026-05-02,plan1,2025-05-02,2025-05-02T00:00:00,PENDING
1234567826,customer2,25,2026-05-02,plan1,2025-05-02,2025-05-02T00:00:00,ACTIVE
1234567827,customer2,25,2026-05-02,plan1,2025-05-02,2025-05-02T00:00:00,PENDING
1234567828,customer2,25,2026-05-02,plan1,2025-05-02,2025-05-02T00:00:00,ACTIVE
1234567829,customer2,25,2026-05-02,plan1,2025-05-02,2025-05-02T00:00:00,PENDING
1234567830,customer2,25,2026-05-02,plan2,2025-05-02,2025-05-02T00:00:00,PENDING
1234567831,customer1,250,2026-05-02,plan1,2025-05-02,2025-05-02T00:00:00,PENDING
1234567832,customer1,25,2026-05-02,plan1,2025-05-02,2025-05-02T00:00:00,PENDING
1234567833,customer1,25,2026-05-02,plan2,2025-05-02,2025-05-02T00:00:00,ACTIVE
1234567834,customer1,25,2026-05-02,plan1,2025-05-02,2025-05-02T00:00:00,PENDING
1234567835,customer1,25,2026-05-02,plan1,2025-05-02,2025-05-02T00:00:00,ACTIVE
1234567836,customer1,25,2026-05-02,plan1,2025-05-02,2025-05-02T00:00:00,PENDING
1234567837,customer1,25,2026-05-02,plan1,2025-05-02,2025-05-02T00:00:00,PENDING
1234567838,customer2,250,2026-05-02,plan1,2025-05-02,2025-05-02T00:00:00,PENDING
1234567839,customer2,25,2026-05-02,plan1,2025-05-02,2025-05-02T00:00:00,PENDING
1234567840,customer2,25,2026-05-02,plan2,2025-05-02,2025-05-02T00:00:00,ACTIVE
1234567841,customer2,25,2026-05-02,plan1,2025-05-02,2025-05-02T00:00:00,PENDING
1234567842,customer2,25,2026-05-02,plan1,2025-05-02,2025-05-02T00:00:00,ACTIVE
1234567843,customer2,25,2026-05-02,plan2,2025-05-02,2025-05-02T00:00:00,PENDING
1234567844,customer2,25,2026-05-02,plan1,2025-05-02,2025-05-02T00:00:00,PENDING
1234567845,customer2,250,2026-05-02,plan1,2025-05-02,2025-05-02T00:00:00,PENDING
1234567846,customer1,25,2026-05-02,plan1,2025-05-02,2025-05-02T00:00:00,PENDING
1234567847,customer1,25,2026-05-02,plan1,2025-05-02,2025-05-02T00:00:00,ACTIVE
1234567848,customer1,25,2026-05-02,plan1,2025-05-02,2025-05-02T00:00:00,PENDING
1234567849,customer1,25,2026-05-02,plan1,2025-05-02,2025-05-02T00:00:00,ACTIVE
1234567850,customer1,25,2026-05-02,plan2,2025-05-02,2025-05-02T00:00:00,PENDING
1234567851,customer1,25,2026-05-02,plan1,2025-05-02,2025-05-02T00:00:00,PENDING
1234567852,customer1,250,2026-05-02,plan1,2025-05-02,2025-05-02T00:00:00,PENDING
1234567853,customer2,25,2026-05-02,plan2,2025-05-02,2025-05-02T00:00:00,PENDING
1234567854,customer2,25,2026-05-02,plan1,2025-05-02,2025-05-02T00:00:00,ACTIVE
1234567855,customer2,25,2026-05-02,plan1,2025-05-02,2025-05-02T00:00:00,PENDING
1234567856,customer2,25,2026-05-02,plan1,2025-05-02,2025-05-02T00:00:00,ACTIVE
1234567857,customer2,25,2026-05-02,plan1,2025-05-02,2025-05-02T00:00:00,PENDING
1234567858,customer2,25,2026-05-02,plan1,2025-05-02,2025-05-02T00:00:00,PENDING
1234567859,customer2,250,2026-05-02,plan1,2025-05-02,2025-05-02T00:00:00,PENDING
1234567860,customer2,25,2026-05-02,plan2,2025-05-02,2025-05-02T00:00:00,PENDING
1234567861,customer1,25,2026-05-02,plan1,2025-05-02,2025-05-02T00:00:00,ACTIVE
1234567862,customer1,25,2026-05-02,plan1,2025-05-02,2025-05-02T00:00:00,PENDING
1234567863,customer1,25,2026-05-02,plan2,2025-05-02,2025-05-02T00:00:00,ACTIVE
1234567864,customer1,25,2026-05-02,plan1,2025-05-02,2025-05-02T00:00:00,PENDING
1234567865,customer1,25,2026-05-02,plan1,2025-05-02,2025-05-02T00:00:00,PENDING
1234567866,customer1,250,2026-05-02,plan1,2025-05-02,2025-05-02T00:00:00,PENDING
1234567867,customer1,25,2026-05-02,plan1,2025-05-02,2025-05-02T00:00:00,PENDING
1234567868,customer2,25,2026-05-02,plan1,2025-05-02,2025-05-02T00:00:00,ACTIVE
1234567869,customer2,25,2026-05-02,plan1,2025-05-02,2025-05-02T00:00:00,PENDING
1234567870,customer2,25,2026-05-02,plan2,2025-05-02,2025-05-02T00:00:00,ACTIVE
1234567871,customer2,25,2026-05-02,plan1,2025-05-02,2025-05-02T00:00:00,PENDING
1234567872,customer2,25,2026-05-02,plan1,2025-05-02,2025-05-02T00:00:00,PENDING
1234567873,customer2,250,2026-05-02,plan2,2025-05-02,2025-05-02T00:00:00,PENDING
1234567874,customer2,25,2026-05-02,plan1,2025-05-02,2025-05-02T00:00:00,PENDING
1234567875,customer2,25,2026-05-02,plan1,2025-05-02,2025-05-02T00:00:00,ACTIVE
1234567876,customer1,25,2026-05-02,plan1,2025-05-02,2025-05-02T00:00:00,PENDING
1234567877,customer1,25,2026-05-02,plan1,2025-05-02,2025-05-02T00:00:00,ACTIVE
1234567878,customer1,25,2026-05-02,plan1,2025-05-02,2025-05-02T00:00:00,PENDING
1234567879,customer1,25,2026-05-02,plan1,2025-05-02,2025-05-02T00:00:00,PENDING
1234567880,customer1,250,2026-05-02,plan2,2025-05-02,2025-05-02T00:00:00,PENDING
1234567881,customer1,25,2026-05-02,plan1,2025-05-02,2025-05-02T00:00:00,PENDING
1234567882,customer1,25,2026-05-02,plan1,2025-05-02,2025-05-02T00:00:00,ACTIVE
1234567883,customer2,25,2026-05-02,plan2,2025-05-02,2025-05-02T00:00:00,PENDING
1234567884,customer2,25,2026-05-02,plan1,2025-05-02,2025-05-02T00:00:00,ACTIVE
1234567885,customer2,25,2026-05-02,plan1,2025-05-02,2025-05-02T00:00:00,PENDING
1234567886,customer2,25,2026-05-02,plan1,2025-05-02,2025-05-02T00:00:00,PENDING
1234567887,customer2,250,2026-05-02,plan1,2025-05-02,2025-05-02T00:00:00,PENDING
1234567888,customer2,25,2026-05-02,plan1,2025-05-02,2025-05-02T00:00:00,PENDING
1234567889,customer2,25,2026-05-02,plan1,2025-05-02,2025-05-02T00:00:00,ACTIVE
1234567890,customer2,25,2026-05-02,plan2,2025-05-02,2025-05-02T00:00:00,PENDING
1234567891,customer1,25,2026-05-02,plan1,2025-05-02,2025-05-02T00:00:00,ACTIVE
1234567892,customer1,25,2026-05-02,plan1,2025-05-02,2025-05-02T00:00:00,PENDING
1234567893,customer1,25,2026-05-02,plan2,2025-05-02,2025-05-02T00:00:00,PENDING
1234567894,customer1,250,2026-05-02,plan1,2025-05-02,2025-05-02T00:00:00,PENDING
1234567895,customer1,25,2026-05-02,plan1,2025-05-02,2025-05-02T00:00:00,PENDING
1234567896,customer1,25,2026-05-02,plan1,2025-05-02,2025-05-02T00:00:00,ACTIVE
1234567897,customer1,25,2026-05-02,plan1,2025-05-02,2025-05-02T00:00:00,PENDING
1234567898,customer2,25,2026-05-02,plan1,2025-05-02,2025-05-02T00:00:00,ACTIVE
1234567899,customer2,25,2026-05-02,plan1,2025-05-02,2025-05-02T00:00:00,PENDING
1234567900,customer2,25,2026-05-02,plan2,2025-05-02,2025-05-02T00:00:00,PENDING
1234567901,customer2,250,2026-05-02,plan1,2025-05-02,2025-05-02T00:00:00,PENDING
1234567902,customer2,25,2026-05-02,plan1,2025-05-02,2025-05-02T00:00:00,PENDING
1234567903,customer2,25,2026-05-02,plan2,2025-05-02,2025-05-02T00:00:00,ACTIVE
1234567904,customer2,25,2026-05-02,plan1,2025-05-02,2025-05-02T00:00:00,PENDING
1234567905,customer2,25,2026-05-02,plan1,2025-05-02,2025-05-02T00:00:00,ACTIVE
1234567906,customer1,25,2026-05-02,plan1,2025-05-02,2025-05-02T00:00:00,PENDING
1234567907,customer1,25,2026-05-02,plan1,2025-05-02,2025-05-02T00:00:00,PENDING
1234567908,customer1,250,2026-05-02,plan1,2025-05-02,2025-05-02T00:00:00,PENDING
1234567909,customer1,25,2026-05-02,plan1,2025-05-02,2025-05-02T00:00:00,PENDING
1234567910,customer1,25,2026-05-02,plan2,2025-05-02,2025-05-02T00:00:00,ACTIVE
1234567911,customer1,25,2026-05-02,plan1,2025-05-02,2025-05-02T00:00:00,PENDING
1234567912,customer1,25,2026-05-02,plan1,2025-05-02,2025-05-02T00:00:00,ACTIVE
1234567913,customer2,25,2026-05-02,plan2,2025-05-02,2025-05-02T00:00:00,PENDING
1234567914,customer2,25,2026-05-02,plan1,2025-05-02,2025-05-02T00:00:00,PENDING
1234567915,customer2,250,2026-05-02,plan1,2025-05-02,2025-05-02T00:00:00,PENDING
1234567916,customer2,25,2026-05-02,plan1,2025-05-02,2025-05-02T00:00:00,PENDING
1234567917,customer2,25,2026-05-02,plan1,2025-05-02,2025-05-02T00:00:00,ACTIVE
1234567918,customer2,25,2026-05-02,plan1,2025-05-02,2025-05-02T00:00:00,PENDING
1234567919,customer2,25,2026-05-02,plan1,2025-05-02,2025-05-02T00:00:00,ACTIVE
1234567920,customer2,25,2026-05-02,plan2,2025-05-02,2025-05-02T00:00:00,PENDING
1234567921,customer1,25,2026-05-02,plan1,2025-05-02,2025-05-02T00:00:00,PENDING
1234567922,customer1,250,2026-05-02,plan1,2025-05-02,2025-05-02T00:00:00,PENDING
1234567923,customer1,25,2026-05-02,plan2,2025-05-02,2025-05-02T00:00:00,PENDING
1234567924,customer1,25,2026-05-02,plan1,2025-05-02,2025-05-02T00:00:00,ACTIVE
1234567925,customer1,25,2026-05-02,plan1,2025-05-02,2025-05-02T00:00:00,PENDING
1234567926,customer1,25,2026-05-02,plan1,2025-05-02,2025-05-02T00:00:00,ACTIVE
1234567927,customer1,25,2026-05-02,plan1,2025-05-02,2025-05-02T00:00:00,PENDING
1234567928,customer2,25,2026-05-02,plan1,2025-05-02,2025-05-02T00:00:00,PENDING
1234567929,customer2,250,2026-05-02,plan1,2025-05-02,2025-05-02T00:00:00,PENDING
1234567930,customer2,25,2026-05-02,plan2,2025-05-02,2025-05-02T00:00:00,PENDING
1234567931,customer2,25,2026-05-02,plan1,2025-05-02,2025-05-02T00:00:00,ACTIVE
1234567932,customer2,25,2026-05-02,plan1,2025-05-02,2025-05-02T00:00:00,PENDING
1234567933,customer2,25,2026-05-02,plan2,2025-05-02,2025-05-02T00:00:00,ACTIVE
1234567934,customer2,25,2026-05-02,plan1,2025-05-02,2025-05-02T00:00:00,PENDING
1234567935,customer2,25,2026-05-02,plan1,2025-05-02,2025-05-02T00:00:00,PENDING
1234567936,customer1,250,2026-05-02,plan1,2025-05-02,2025-05-02T00:00:00,PENDING
1234567937,customer1,25,2026-05-02,plan1,2025-05-02,2025-05-02T00:00:00,PENDING
1234567938,customer1,25,2026-05-02,plan1,2025-05-02,2025-05-02T00:00:00,ACTIVE
1234567939,customer1,25,2026-05-02,plan1,2025-05-02,2025-05-02T00:00:00,PENDING
1234567940,customer1,25,2026-05-02,plan2,2025-05-02,2025-05-02T00:00:00,ACTIVE
1234567941,customer1,25,2026-05-02,plan1,2025-05-02,2025-05-02T00:00:00,PENDING
1234567942,customer1,25,2026-05-02,plan1,2025-05-02,2025-05-02T00:00:00,PENDING
1234567943,customer2,250,2026-05-02,plan2,2025-05-02,2025-05-02T00:00:00,PENDING
1234567944,customer2,25,2026-05-02,plan1,2025-05-02,2025-05-02T00:00:00,PENDING
1234567945,customer2,25,2026-05-02,plan1,2025-05-02,2025-05-02T00:00:00,ACTIVE
1234567946,customer2,25,2026-05-02,plan1,2025-05-02,2025-05-02T00:00:00,PENDING
1234567947,customer2,25,2026-05-02,plan1,2025-05-02,2025-05-02T00:00:00,ACTIVE
1234567948,customer2,25,2026-05-02,plan1,2025-05-02,2025-05-02T00:00:00,PENDING
1234567949,customer2,25,2026-05-02,plan1,2025-05-02,2025-05-02T00:00:00,PENDING
1234567950,customer2,250,2026-05-02,plan2,2025-05-02,2025-05-02T00:00:00,PENDING
1234567951,customer1,25,2026-05-02,plan1,2025-05-02,2025-05-02T00:00:00,PENDING
1234567952,customer1,25,2026-05-02,plan1,2025-05-02,2025-05-02T00:00:00,ACTIVE
1234567953,customer1,25,2026-05-02,plan2,2025-05-02,2025-05-02T00:00:00,PENDING
1234567954,customer1,25,2026-05-02,plan1,2025-05-02,2025-05-02T00:00:00,ACTIVE
1234567955,customer1,25,2026-05-02,plan1,2025-05-02,2025-05-02T00:00:00,PENDING
1234567956,customer1,25,2026-05-02,plan1,2025-05-02,2025-05-02T00:00:00,PENDING
1234567957,customer1,250,2026-05-02,plan1,2025-05-02,2025-05-02T00:00:00,PENDING
1234567958,customer2,25,2026-05-02,plan1,2025-05-02,2025-05-02T00:00:00,PENDING
1234567959,customer2,25,2026-05-02,plan1,2025-05-02,2025-05-02T00:00:00,ACTIVE
1234567960,customer2,25,2026-05-02,plan2,2025-05-02,2025-05-02T00:00:00,PENDING
1234567961,customer2,25,2026-05-02,plan1,2025-05-02,2025-05-02T00:00:00,ACTIVE
1234567962,customer2,25,2026-05-02,plan1,2025-05-02,2025-05-02T00:00:00,PENDING
1234567963,customer2,25,2026-05-02,plan2,2025-05-02,2025-05-02T00:00:00,PENDING
1234567964,customer2,250,2026-05-02,plan1,2025-05-02,2025-05-02T00:00:00,PENDING
1234567965,customer2,25,2026-05-02,plan1,2025-05-02,2025-05-02T00:00:00,PENDING
1234567966,customer1,25,2026-05-02,plan1,2025-05-02,2025-05-02T00:00:00,ACTIVE
1234567967,customer1,25,2026-05-02,plan1,2025-05-02,2025-05-02T00:00:00,PENDING
1234567968,customer1,25,2026-05-02,plan1,2025-05-02,2025-05-02T00:00:00,ACTIVE
1234567969,customer1,25,2026-05-02,plan1,2025-05-02,2025-05-02T00:00:00,PENDING
1234567970,customer1,25,2026-05-02,plan2,2025-05-02,2025-05-02T00:00:00,PENDING
1234567971,customer1,250,2026-05-02,plan1,2025-05-02,2025-05-02T00:00:00,PENDING
1234567972,customer1,25,2026-05-02,plan1,2025-05-02,2025-05-02T00:00:00,PENDING
1234567973,customer2,25,2026-05-02,plan2,2025-05-02,2025-05-02T00:00:00,ACTIVE
1234567974,customer2,25,2026-05-02,plan1,2025-05-02,2025-05-02T00:00:00,PENDING
1234567975,customer2,25,2026-05-02,plan1,2025-05-02,2025-05-02T00:00:00,ACTIVE
1234567976,customer2,25,2026-05-02,plan1,2025-05-02,2025-05-02T00:00:00,PENDING
1234567977,customer2,25,2026-05-02,plan1,2025-05-02,2025-05-02T00:00:00,PENDING
1234567978,customer2,250,2026-05-02,plan1,2025-05-02,2025-05-02T00:00:00,PENDING
1234567979,customer2,25,2026-05-02,plan1,2025-05-02,2025-05-02T00:00:00,PENDING
1234567980,customer2,25,2026-05-02,plan2,2025-05-02,2025-05-02T00:00:00,ACTIVE
1234567981,customer1,25,2026-05-02,plan1,2025-05-02,2025-05-02T00:00:00,PENDING
1234567982,customer1,25,2026-05-02,plan1,2025-05-02,2025-05-02T00:00:00,ACTIVE
1234567983,customer1,25,2026-05-02,plan2,2025-05-02,2025-05-02T00:00:00,PENDING
1234567984,customer1,25,2026-05-02,plan1,2025-05-02,2025-05-02T00:00:00,PENDING
1234567985,customer1,250,2026-05-02,plan1,2025-05-02,2025-05-02T00:00:00,PENDING
1234567986,customer1,25,2026-05-02,plan1,2025-05-02,2025-05-02T00:00:00,PENDING
1234567987,customer1,25,2026-05-02,plan1,2025-05-02,2025-05-02T00:00:00,ACTIVE
1234567988,customer2,25,2026-05-02,plan1,2025-05-02,2025-05-02T00:00:00,PENDING
1234567989,customer2,25,2026-05-02,plan1,2025-05-02,2025-05-02T00:00:00,ACTIVE
1234567990,customer2,25,2026-05-02,plan2,2025-05-02,2025-05-02T00:00:00,PENDING
1234567991,customer2,25,2026-05-02,plan1,2025-05-02,2025-05-02T00:00:00,PENDING
1234567992,customer2,250,2026-05-02,plan1,2025-05-02,2025-05-02T00:00:00,PENDING
1234567993,customer2,25,2026-05-02,plan2,2025-05-02,2025-05-02T00:00:00,PENDING
1234567994,customer2,25,2026-05-02,plan1,2025-05-02,2025-05-02T00:00:00,ACTIVE
1234567995,customer2,25,2026-05-02,plan1,2025-05-02,2025-05-02T00:00:00,PENDING
1234567996,customer1,25,2026-05-02,plan1,2025-05-02,2025-05-02T00:00:00,ACTIVE
1234567997,customer1,25,2026-05-02,plan1,2025-05-02,2025-05-02T00:00:00,PENDING
1234567998,customer1,25,2026-05-02,plan1,2025-05-02,2025-05-02T00:00:00,PENDING
1234567999,customer1,250,2026-05-02,plan1,2025-05-02,2025-05-02T00:00:00,PENDING
1234568000,customer1,25,2026-05-02,plan2,2025-05-02,2025-05-02T00:00:00,PENDING
1234568001,customer1,25,2026-05-02,plan1,2025-05-02,2025-05-02T00:00:00,ACTIVE
1234568002,customer1,25,2026-05-02,plan1,2025-05-02,2025-05-02T00:00:00,PENDING
1234568003,customer2,25,2026-05-02,plan2,2025-05-02,2025-05-02T00:00:00,ACTIVE
1234568004,customer2,25,2026-05-02,plan1,2025-05-02,2025-05-02T00:00:00,PENDING
1234568005,customer2,25,2026-05-02,plan1,2025-05-02,2025-05-02T00:00:00,PENDING
1234568006,customer2,250,2026-05-02,plan1,2025-05-02,2025-05-02T00:00:00,PENDING
1234568007,customer2,25,2026-05-02,plan1,2025-05-02,2025-05-02T00:00:00,PENDING
1234568008,customer2,25,2026-05-02,plan1,2025-05-02,2025-05-02T00:00:00,ACTIVE
1234568009,customer2,25,2026-05-02,plan1,2025-05-02,2025-05-02T00:00:00,PENDING
1234568010,customer2,25,2026-05-02,plan2,2025-05-02,2025-05-02T00:00:00,ACTIVE
1234568011,customer1,25,2026-05-02,plan1,2025-05-02,2025-05-02T00:00:00,PENDING
1234568012,customer1,25,2026-05-02,plan1,2025-05-02,2025-05-02T00:00:00,PENDING
1234568013,customer1,250,2026-05-02,plan2,2025-05-02,2025-05-02T00:00:00,PENDING
1234568014,customer1,25,2026-05-02,plan1,2025-05-02,2025-05-02T00:00:00,PENDING
1234568015,customer1,25,2026-05-02,plan1,2025-05-02,2025-05-02T00:00:00,ACTIVE
1234568016,customer1,25,2026-05-02,plan1,2025-05-02,2025-05-02T00:00:00,PENDING
1234568017,customer1,25,2026-05-02,plan1,2025-05-02,2025-05-02T00:00:00,ACTIVE
1234568018,customer2,25,2026-05-02,plan1,2025-05-02,2025-05-02T00:00:00,PENDING
1234568019,customer2,25,2026-05-02,plan1,2025-05-02,2025-05-02T00:00:00,PENDING
1234568020,customer2,250,2026-05-02,plan2,2025-05-02,2025-05-02T00:00:00,PENDING
1234568021,customer2,25,2026-05-02,plan1,2025-05-02,2025-05-02T00:00:00,PENDING
1234568022,customer2,25,2026-05-02,plan1,2025-05-02,2025-05-02T00:00:00,ACTIVE
1234568023,customer2,25,2026-05-02,plan2,2025-05-02,2025-05-02T00:00:00,PENDING
1234568024,customer2,25,2026-05-02,plan1,2025-05-02,2025-05-02T00:00:00,ACTIVE
1234568025,customer2,25,2026-05-02,plan1,2025-05-02,2025-05-02T00:00:00,PENDING
1234568026,customer1,25,2026-05-02,plan1,2025-05-02,2025-05-02T00:00:00,PENDING
1234568027,customer1,250,2026-05-02,plan1,2025-05-02,2025-05-02T00:00:00,PENDING
1234568028,customer1,25,2026-05-02,plan1,2025-05-02,2025-05-02T00:00:00,PENDING
1234568029,customer1,25,2026-05-02,plan1,2025-05-02,2025-05-02T00:00:00,ACTIVE
1234568030,customer1,25,2026-05-02,plan2,2025-05-02,2025-05-02T00:00:00,PENDING
1234568031,customer1,25,2026-05-02,plan1,2025-05-02,2025-05-02T00:00:00,ACTIVE
1234568032,customer1,25,2026-05-02,plan1,2025-05-02,2025-05-02T00:00:00,PENDING
1234568033,customer2,25,2026-05-02,plan2,2025-05-02,2025-05-02T00:00:00,PENDING
1234568034,customer2,250,2026-05-02,plan1,2025-05-02,2025-05-02T00:00:00,PENDING
1234568035,customer2,25,2026-05-02,plan1,2025-05-02,2025-05-02T00:00:00,PENDING
1234568036,customer2,25,2026-05-02,plan1,2025-05-02,2025-05-02T00:00:00,ACTIVE
1234568037,customer2,25,2026-05-02,plan1,2025-05-02,2025-05-02T00:00:00,PENDING
1234568038,customer2,25,2026-05-02,plan1,2025-05-02,2025-05-02T00:00:00,ACTIVE
1234568039,customer2,25,2026-05-02,plan1,2025-05-02,2025-05-02T00:00:00,PENDING
1234568040,customer2,25,2026-05-02,plan2,2025-05-02,2025-05-02T00:00:00,PENDING
1234568041,customer1,250,2026-05-02,plan1,2025-05-02,2025-05-02T00:00:00,PENDING
1234568042,customer1,25,2026-05-02,plan1,2025-05-02,2025-05-02T00:00:00,PENDING
1234568043,customer1,25,2026-05-02,plan2,2025-05-02,2025-05-02T00:00:00,ACTIVE
1234568044,customer1,25,2026-05-02,plan1,2025-05-02,2025-05-02T00:00:00,PENDING
1234568045,customer1,25,2026-05-02,plan1,2025-05-02,2025-05-02T00:00:00,ACTIVE
1234568046,customer1,25,2026-05-02,plan1,2025-05-02,2025-05-02T00:00:00,PENDING
1234568047,customer1,25,2026-05-02,plan1,2025-05-02,2025-05-02T00:00:00,PENDING
1234568048,customer2,250,2026-05-02,plan1,2025-05-02,2025-05-02T00:00:00,PENDING
1234568049,customer2,25,2026-05-02,plan1,2025-05-02,2025-05-02T00:00:00,PENDING
1234568050,customer2,25,2026-05-02,plan2,2025-05-02,2025-05-02T00:00:00,ACTIVE
1234568051,customer2,25,2026-05-02,plan1,2025-05-02,2025-05-02T00:00:00,PENDING
1234568052,customer2,25,2026-05-02,plan1,2025-05-02,2025-05-02T00:00:00,ACTIVE
1234568053,customer2,25,2026-05-02,plan2,2025-05-02,2025-05-02T00:00:00,PENDING
1234568054,customer2,25,2026-05-02,plan1,2025-05-02,2025-05-02T00:00:00,PENDING
1234568055,customer2,250,2026-05-02,plan1,2025-05-02,2025-05-02T00:00:00,PENDING
1234568056,customer1,25,2026-05-02,plan1,2025-05-02,2025-05-02T00:00:00,PENDING
1234568057,customer1,25,2026-05-02,plan1,2025-05-02,2025-05-02T00:00:00,ACTIVE
1234568058,customer1,25,2026-05-02,plan1,2025-05-02,2025-05-02T00:00:00,PENDING
1234568059,customer1,25,2026-05-02,plan1,2025-05-02,2025-05-02T00:00:00,ACTIVE
1234568060,customer1,25,2026-05-02,plan2,2025-05-02,2025-05-02T00:00:00,PENDING
1234568061,customer1,25,2026-05-02,plan1,2025-05-02,2025-05-02T00:00:00,PENDING
1234568062,customer1,250,2026-05-02,plan1,2025-05-02,2025-05-02T00:00:00,PENDING
1234568063,customer2,25,2026-05-02,plan2,2025-05-02,2025-05-02T00:00:00,PENDING
1234568064,customer2,25,2026-05-02,plan1,2025-05-02,2025-05-02T00:00:00,ACTIVE
1234568065,customer2,25,2026-05-02,plan1,2025-05-02,2025-05-02T00:00:00,PENDING
1234568066,customer2,25,2026-05-02,plan1,2025-05-02,2025-05-02T00:00:00,ACTIVE
1234568067,customer2,25,2026-05-02,plan1,2025-05-02,2025-05-02T00:00:00,PENDING
1234568068,customer2,25,2026-05-02,plan1,2025-05-02,2025-05-02T00:00:00,PENDING
1234568069,customer2,250,2026-05-02,plan1,2025-05-02,2025-05-02T00:00:00,PENDING
1234568070,customer2,25,2026-05-02,plan2,2025-05-02,2025-05-02T00:00:00,PENDING
1234568071,customer1,25,2026-05-02,plan1,2025-05-02,2025-05-02T00:00:00,ACTIVE
1234568072,customer1,25,2026-05-02,plan1,2025-05-02,2025-05-02T00:00:00,PENDING
1234568073,customer1,25,2026-05-02,plan2,2025-05-02,2025-05-02T00:00:00,ACTIVE
1234568074,customer1,25,2026-05-02,plan1,2025-05-02,2025-05-02T00:00:00,PENDING
1234568075,customer1,25,2026-05-02,plan1,2025-05-02,2025-05-02T00:00:00,PENDING
1234568076,customer1,250,2026-05-02,plan1,2025-05-02,2025-05-02T00:00:00,PENDING
1234568077,customer1,25,2026-05-02,plan1,2025-05-02,2025-05-02T00:00:00,PENDING
1234568078,customer2,25,2026-05-02,plan1,2025-05-02,2025-05-02T00:00:00,ACTIVE
1234568079,customer2,25,2026-05-02,plan1,2025-05-02,2025-05-02T00:00:00,PENDING
1234568080,customer2,25,2026-05-02,plan2,2025-05-02,2025-05-02T00:00:00,ACTIVE
1234568081,customer2,25,2026-05-02,plan1,2025-05-02,2025-05-02T00:00:00,PENDING
1234568082,customer2,25,2026-05-02,plan1,2025-05-02,2025-05-02T00:00:00,PENDING
1234568083,customer2,250,2026-05-02,plan2,2025-05-02,2025-05-02T00:00:00,PENDING
1234568084,customer2,25,2026-05-02,plan1,2025-05-02,2025-05-02T00:00:00,PENDING
1234568085,customer2,25,2026-05-02,plan1,2025-05-02,2025-05-02T00:00:00,ACTIVE
1234568086,customer1,25,2026-05-02,plan1,2025-05-02,2025-05-02T00:00:00,PENDING
1234568087,customer1,25,2026-05-02,plan1,2025-05-02,2025-05-02T00:00:00,ACTIVE
1234568088,customer1,25,2026-05-02,plan1,2025-05-02,2025-05-02T00:00:00,PENDING
1234568089,customer1,25,2026-05-02,plan1,2025-05-02,2025-05-02T00:00:00,PENDING
1234568090,customer1,250,2026-05-02,plan2,2025-05-02,2025-05-02T00:00:00,PENDING
1234568091,customer1,25,2026-05-02,plan1,2025-05-02,2025-05-02T00:00:00,PENDING
1234568092,customer1,25,2026-05-02,plan1,2025-05-02,2025-05-02T00:00:00,ACTIVE
1234568093,customer2,25,2026-05-02,plan2,2025-05-02,2025-05-02T00:00:00,PENDING
1234568094,customer2,25,2026-05-02,plan1,2025-05-02,2025-05-02T00:00:00,ACTIVE
1234568095,customer2,25,2026-05-02,plan1,2025-05-02,2025-05-02T00:00:00,PENDING
1234568096,customer2,25,2026-05-02,plan1,2025-05-02,2025-05-02T00:00:00,PENDING
1234568097,customer2,250,2026-05-02,plan1,2025-05-02,2025-05-02T00:00:00,PENDING
1234568098,customer2,25,2026-05-02,plan1,2025-05-02,2025-05-02T00:00:00,PENDING
1234568099,customer2,25,2026-05-02,plan1,2025-05-02,2025-05-02T00:00:00,ACTIVE
1234568100,customer2,25,2026-05-02,plan2,2025-05-02,2025-05-02T00:00:00,PENDING
1234568101,customer1,25,2026-05-02,plan1,2025-05-02,2025-05-02T00:00:00,ACTIVE
1234568102,customer1,25,2026-05-02,plan1,2025-05-02,2025-05-02T00:00:00,PENDING
1234568103,customer1,25,2026-05-02,plan2,2025-05-02,2025-05-02T00:00:00,PENDING
1234568104,customer1,250,2026-05-02,plan1,2025-05-02,2025-05-02T00:00:00,PENDING
1234568105,customer1,25,2026-05-02,plan1,2025-05-02,2025-05-02T00:00:00,PENDING
1234568106,customer1,25,2026-05-02,plan1,2025-05-02,2025-05-02T00:00:00,ACTIVE
1234568107,customer1,25,2026-05-02,plan1,2025-05-02,2025-05-02T00:00:00,PENDING
1234568108,customer2,25,2026-05-02,plan1,2025-05-02,2025-05-02T00:00:00,ACTIVE
1234568109,customer2,25,2026-05-02,plan1,2025-05-02,2025-05-02T00:00:00,PENDING
1234568110,customer2,25,2026-05-02,plan2,2025-05-02,2025-05-02T00:00:00,PENDING
1234568111,customer2,250,2026-05-02,plan1,2025-05-02,2025-05-02T00:00:00,PENDING
1234568112,customer2,25,2026-05-02,plan1,2025-05-02,2025-05-02T00:00:00,PENDING
1234568113,customer2,25,2026-05-02,plan2,2025-05-02,2025-05-02T00:00:00,ACTIVE
1234568114,customer2,25,2026-05-02,plan1,2025-05-02,2025-05-02T00:00:00,PENDING
1234568115,customer2,25,2026-05-02,plan1,2025-05-02,2025-05-02T00:00:00,ACTIVE
1234568116,customer1,25,2026-05-02,plan1,2025-05-02,2025-05-02T00:00:00,PENDING
1234568117,customer1,25,2026-05-02,plan1,2025-05-02,2025-05-02T00:00:00,PENDING
1234568118,customer1,250,2026-05-02,plan1,2025-05-02,2025-05-02T00:00:00,PENDING
1234568119,customer1,25,2026-05-02,plan1,2025-05-02,2025-05-02T00:00:00,PENDING
1234568120,customer1,25,2026-05-02,plan2,2025-05-02,2025-05-02T00:00:00,ACTIVE
1234568121,customer1,25,2026-05-02,plan1,2025-05-02,2025-05-02T00:00:00,PENDING
1234568122,customer1,25,2026-05-02,plan1,2025-05-02,2025-05-02T00:00:00,ACTIVE
1234568123,customer2,25,2026-05-02,plan2,2025-05-02,2025-05-02T00:00:00,PENDING
1234568124,customer2,25,2026-05-02,plan1,2025-05-02,2025-05-02T00:00:00,PENDING
1234568125,customer2,250,2026-05-02,plan1,2025-05-02,2025-05-02T00:00:00,PENDING
1234568126,customer2,25,2026-05-02,plan1,2025-05-02,2025-05-02T00:00:00,PENDING
1234568127,customer2,25,2026-05-02,plan1,2025-05-02,2025-05-02T00:00:00,ACTIVE
1234568128,customer2,25,2026-05-02,plan1,2025-05-02,2025-05-02T00:00:00,PENDING
1234568129,customer2,25,2026-05-02,plan1,2025-05-02,2025-05-02T00:00:00,ACTIVE
1234568130,customer2,25,2026-05-02,plan2,2025-05-02,2025-05-02T00:00:00,PENDING
1234568131,customer1,25,2026-05-02,plan1,2025-05-02,2025-05-02T00:00:00,PENDING
1234568132,customer1,250,2026-05-02,plan1,2025-05-02,2025-05-02T00:00:00,PENDING
1234568133,customer1,25,2026-05-02,plan2,2025-05-02,2025-05-02T00:00:00,PENDING
1234568134,customer1,25,2026-05-02,plan1,2025-05-02,2025-05-02T00:00:00,ACTIVE
1234568135,customer1,25,2026-05-02,plan1,2025-05-02,2025-05-02T00:00:00,PENDING
1234568136,customer1,25,2026-05-02,plan1,2025-05-02,2025-05-02T00:00:00,ACTIVE
1234568137,customer1,25,2026-05-02,plan1,2025-05-02,2025-05-02T00:00:00,PENDING
1234568138,customer2,25,2026-05-02,plan1,2025-05-02,2025-05-02T00:00:00,PENDING
1234568139,customer2,250,2026-05-02,plan1,2025-05-02,2025-05-02T00:00:00,PENDING
1234568140,customer2,25,2026-05-02,plan2,2025-05-02,2025-05-02T00:00:00,PENDING
1234568141,customer2,25,2026-05-02,plan1,2025-05-02,2025-05-02T00:00:00,ACTIVE
1234568142,customer2,25,2026-05-02,plan1,2025-05-02,2025-05-02T00:00:00,PENDING
1234568143,customer2,25,2026-05-02,plan2,2025-05-02,2025-05-02T00:00:00,ACTIVE
1234568144,customer2,25,2026-05-02,plan1,2025-05-02,2025-05-02T00:00:00,PENDING
1234568145,customer2,25,2026-05-02,plan1,2025-05-02,2025-05-02T00:00:00,PENDING
1234568146,customer1,250,2026-05-02,plan1,2025-05-02,2025-05-02T00:00:00,PENDING
1234568147,customer1,25,2026-05-02,plan1,2025-05-02,2025-05-02T00:00:00,PENDING
1234568148,customer1,25,2026-05-02,plan1,2025-05-02,2025-05-02T00:00:00,ACTIVE
1234568149,customer1,25,2026-05-02,plan1,2025-05-02,2025-05-02T00:00:00,PENDING
1234568150,customer1,25,2026-05-02,plan2,2025-05-02,2025-05-02T00:00:00,ACTIVE
1234568151,customer1,25,2026-05-02,plan1,2025-05-02,2025-05-02T00:00:00,PENDING
1234568152,customer1,25,2026-05-02,plan1,2025-05-02,2025-05-02T00:00:00,PENDING
1234568153,customer2,250,2026-05-02,plan2,2025-05-02,2025-05-02T00:00:00,PENDING
1234568154,customer2,25,2026-05-02,plan1,2025-05-02,2025-05-02T00:00:00,PENDING
1234568155,customer2,25,2026-05-02,plan1,2025-05-02,2025-05-02T00:00:00,ACTIVE
1234568156,customer2,25,2026-05-02,plan1,2025-05-02,2025-05-02T00:00:00,PENDING
1234568157,customer2,25,2026-05-02,plan1,2025-05-02,2025-05-02T00:00:00,ACTIVE
1234568158,customer2,25,2026-05-02,plan1,2025-05-02,2025-05-02T00:00:00,PENDING
1234568159,customer2,25,2026-05-02,plan1,2025-05-02,2025-05-02T00:00:00,PENDING
1234568160,customer2,250,2026-05-02,plan2,2025-05-02,2025-05-02T00:00:00,PENDING
1234568161,customer1,25,2026-05-02,plan1,2025-05-02,2025-05-02T00:00:00,PENDING
1234568162,customer1,25,2026-05-02,plan1,2025-05-02,2025-05-02T00:00:00,ACTIVE
1234568163,customer1,25,2026-05-02,plan2,2025-05-02,2025-05-02T00:00:00,PENDING
1234568164,customer1,25,2026-05-02,plan1,2025-05-02,2025-05-02T00:00:00,ACTIVE
1234568165,customer1,25,2026-05-02,plan1,2025-05-02,2025-05-02T00:00:00,PENDING
1234568166,customer1,25,2026-05-02,plan1,2025-05-02,2025-05-02T00:00:00,PENDING
1234568167,customer1,250,2026-05-02,plan1,2025-05-02,2025-05-02T00:00:00,PENDING
1234568168,customer2,25,2026-05-02,plan1,2025-05-02,2025-05-02T00:00:00,PENDING
1234568169,customer2,25,2026-05-02,plan1,2025-05-02,2025-05-02T00:00:00,ACTIVE
1234568170,customer2,25,2026-05-02,plan2,2025-05-02,2025-05-02T00:00:00,PENDING
1234568171,customer2,25,2026-05-02,plan1,2025-05-02,2025-05-02T00:00:00,ACTIVE
1234568172,customer2,25,2026-05-02,plan1,2025-05-02,2025-05-02T00:00:00,PENDING
1234568173,customer2,25,2026-05-02,plan2,2025-05-02,2025-05-02T00:00:00,PENDING
1234568174,customer2,250,2026-05-02,plan1,2025-05-02,2025-05-02T00:00:00,PENDING
1234568175,customer2,25,2026-05-02,plan1,2025-05-02,2025-05-02T00:00:00,PENDING
1234568176,customer1,25,2026-05-02,plan1,2025-05-02,2025-05-02T00:00:00,ACTIVE
1234568177,customer1,25,2026-05-02,plan1,2025-05-02,2025-05-02T00:00:00,PENDING
1234568178,customer1,25,2026-05-02,plan1,2025-05-02,2025-05-02T00:00:00,ACTIVE
1234568179,customer1,25,2026-05-02,plan1,2025-05-02,2025-05-02T00:00:00,PENDING
1234568180,customer1,25,2026-05-02,plan2,2025-05-02,2025-05-02T00:00:00,PENDING
1234568181,customer1,250,2026-05-02,plan1,2025-05-02,2025-05-02T00:00:00,PENDING
1234568182,customer1,25,2026-05-02,plan1,2025-05-02,2025-05-02T00:00:00,PENDING
1234568183,customer2,25,2026-05-02,plan2,2025-05-02,2025-05-02T00:00:00,ACTIVE
1234568184,customer2,25,2026-05-02,plan1,2025-05-02,2025-05-02T00:00:00,PENDING
1234568185,customer2,25,2026-05-02,plan1,2025-05-02,2025-05-02T00:00:00,ACTIVE
1234568186,customer2,25,2026-05-02,plan1,2025-05-02,2025-05-02T00:00:00,PENDING
1234568187,customer2,25,2026-05-02,plan1,2025-05-02,2025-05-02T00:00:00,PENDING
1234568188,customer2,250,2026-05-02,plan1,2025-05-02,2025-05-02T00:00:00,PENDING
1234568189,customer2,25,2026-05-02,plan1,2025-05-02,2025-05-02T00:00:00,PENDING
1234568190,customer2,25,2026-05-02,plan2,2025-05-02,2025-05-02T00:00:00,ACTIVE
1234568191,customer1,25,2026-05-02,plan1,2025-05-02,2025-05-02T00:00:00,PENDING
1234568192,customer1,25,2026-05-02,plan1,2025-05-02,2025-05-02T00:00:00,ACTIVE
1234568193,customer1,25,2026-05-02,plan2,2025-05-02,2025-05-02T00:00:00,PENDING
1234568194,customer1,25,2026-05-02,plan1,2025-05-02,2025-05-02T00:00:00,PENDING
1234568195,customer1,250,2026-05-02,plan1,2025-05-02,2025-05-02T00:00:00,PENDING
1234568196,customer1,25,2026-05-02,plan1,2025-05-02,2025-05-02T00:00:00,PENDING
1234568197,customer1,25,2026-05-02,plan1,2025-05-02,2025-05-02T00:00:00,ACTIVE
1234568198,customer2,25,2026-05-02,plan1,2025-05-02,2025-05-02T00:00:00,PENDING
1234568199,customer2,25,2026-05-02,plan1,2025-05-02,2025-05-02T00:00:00,ACTIVE
1234568200,customer2,25,2026-05-02,plan2,2025-05-02,2025-05-02T00:00:00,PENDING
1234568201,customer2,25,2026-05-02,plan1,2025-05-02,2025-05-02T00:00:00,PENDING
1234568202,customer2,250,2026-05-02,plan1,2025-05-02,2025-05-02T00:00:00,PENDING
1234568203,customer2,25,2026-05-02,plan2,2025-05-02,2025-05-02T00:00:00,PENDING
1234568204,customer2,25,2026-05-02,plan1,2025-05-02,2025-05-02T00:00:00,ACTIVE
1234568205,customer2,25,2026-05-02,plan1,2025-05-02,2025-05-02T00:00:00,PENDING
1234568206,customer1,25,2026-05-02,plan1,2025-05-02,2025-05-02T00:00:00,ACTIVE
1234568207,customer1,25,2026-05-02,plan1,2025-05-02,2025-05-02T00:00:00,PENDING
1234568208,customer1,25,2026-05-02,plan1,2025-05-02,2025-05-02T00:00:00,PENDING
1234568209,customer1,250,2026-05-02,plan1,2025-05-02,2025-05-02T00:00:00,PENDING
1234568210,customer1,25,2026-05-02,plan2,2025-05-02,2025-05-02T00:00:00,PENDING
1234568211,customer1,25,2026-05-02,plan1,2025-05-02,2025-05-02T00:00:00,ACTIVE
1234568212,customer1,25,2026-05-02,plan1,2025-05-02,2025-05-02T00:00:00,PENDING
1234568213,customer2,25,2026-05-02,plan2,2025-05-02,2025-05-02T00:00:00,ACTIVE
1234568214,customer2,25,2026-05-02,plan1,2025-05-02,2025-05-02T00:00:00,PENDING
1234568215,customer2,25,2026-05-02,plan1,2025-05-02,2025-05-02T00:00:00,PENDING
1234568216,customer2,250,2026-05-02,plan1,2025-05-02,2025-05-02T00:00:00,PENDING
1234568217,customer2,25,2026-05-02,plan1,2025-05-02,2025-05-02T00:00:00,PENDING
1234568218,customer2,25,2026-05-02,plan1,2025-05-02,2025-05-02T00:00:00,ACTIVE
1234568219,customer2,25,2026-05-02,plan1,2025-05-02,2025-05-02T00:00:00,PENDING
1234568220,customer2,25,2026-05-02,plan2,2025-05-02,2025-05-02T00:00:00,ACTIVE
1234568221,customer1,25,2026-05-02,plan1,2025-05-02,2025-05-02T00:00:00,PENDING
1234568222,customer1,25,2026-05-02,plan1,2025-05-02,2025-05-02T00:00:00,PENDING
1234568223,customer1,250,2026-05-02,plan2,2025-05-02,2025-05-02T00:00:00,PENDING
1234568224,customer1,25,2026-05-02,plan1,2025-05-02,2025-05-02T00:00:00,PENDING
1234568225,customer1,25,2026-05-02,plan1,2025-05-02,2025-05-02T00:00:00,ACTIVE
1234568226,customer1,25,2026-05-02,plan1,2025-05-02,2025-05-02T00:00:00,PENDING
1234568227,customer1,25,2026-05-02,plan1,2025-05-02,2025-05-02T00:00:00,ACTIVE
1234568228,customer2,25,2026-05-02,plan1,2025-05-02,2025-05-02T00:00:00,PENDING
1234568229,customer2,25,2026-05-02,plan1,2025-05-02,2025-05-02T00:00:00,PENDING
1234568230,customer2,250,2026-05-02,plan2,2025-05-02,2025-05-02T00:00:00,PENDING
1234568231,customer2,25,2026-05-02,plan1,2025-05-02,2025-05-02T00:00:00,PENDING
1234568232,customer2,25,2026-05-02,plan1,2025-05-02,2025-05-02T00:00:00,ACTIVE
1234568233,customer2,25,2026-05-02,plan2,2025-05-02,2025-05-02T00:00:00,PENDING
1234568234,customer2,25,2026-05-02,plan1,2025-05-02,2025-05-02T00:00:00,ACTIVE
1234568235,customer2,25,2026-05-02,plan1,2025-05-02,2025-05-02T00:00:00,PENDING
1234568236,customer1,25,2026-05-02,plan1,2025-05-02,2025-05-02T00:00:00,PENDING
1234568237,customer1,250,2026-05-02,plan1,2025-05-02,2025-05-02T00:00:00,PENDING
1234568238,customer1,25,2026-05-02,plan1,2025-05-02,2025-05-02T00:00:00,PENDING
1234568239,customer1,25,2026-05-02,plan1,2025-05-02,2025-05-02T00:00:00,ACTIVE
1234568240,customer1,25,2026-05-02,plan2,2025-05-02,2025-05-02T00:00:00,PENDING
1234568241,customer1,25,2026-05-02,plan1,2025-05-02,2025-05-02T00:00:00,ACTIVE
1234568242,customer1,25,2026-05-02,plan1,2025-05-02,2025-05-02T00:00:00,PENDING
1234568243,customer2,25,2026-05-02,plan2,2025-05-02,2025-05-02T00:00:00,PENDING
1234568244,customer2,250,2026-05-02,plan1,2025-05-02,2025-05-02T00:00:00,PENDING
1234568245,customer2,25,2026-05-02,plan1,2025-05-02,2025-05-02T00:00:00,PENDING
1234568246,customer2,25,2026-05-02,plan1,2025-05-02,2025-05-02T00:00:00,ACTIVE
1234568247,customer2,25,2026-05-02,plan1,2025-05-02,2025-05-02T00:00:00,PENDING
1234568248,customer2,25,2026-05-02,plan1,2025-05-02,2025-05-02T00:00:00,ACTIVE
1234568249,customer2,25,2026-05-02,plan1,2025-05-02,2025-05-02T00:00:00,PENDING
1234568250,customer2,25,2026-05-02,plan2,2025-05-02,2025-05-02T00:00:00,PENDING
1234568251,customer1,250,2026-05-02,plan1,2025-05-02,2025-05-02T00:00:00,PENDING
1234568252,customer1,25,2026-05-02,plan1,2025-05-02,2025-05-02T00:00:00,PENDING
1234568253,customer1,25,2026-05-02,plan2,2025-05-02,2025-05-02T00:00:00,ACTIVE
1234568254,customer1,25,2026-05-02,plan1,2025-05-02,2025-05-02T00:00:00,PENDING
1234568255,customer1,25,2026-05-02,plan1,2025-05-02,2025-05-02T00:00:00,ACTIVE
1234568256,customer1,25,2026-05-02,plan1,2025-05-02,2025-05-02T00:00:00,PENDING
1234568257,customer1,25,2026-05-02,plan1,2025-05-02,2025-05-02T00:00:00,PENDING
1234568258,customer2,250,2026-05-02,plan1,2025-05-02,2025-05-02T00:00:00,PENDING
1234568259,customer2,25,2026-05-02,plan1,2025-05-02,2025-05-02T00:00:00,PENDING
1234568260,customer2,25,2026-05-02,plan2,2025-05-02,2025-05-02T00:00:00,ACTIVE
1234568261,customer2,25,2026-05-02,plan1,2025-05-02,2025-05-02T00:00:00,PENDING
1234568262,customer2,25,2026-05-02,plan1,2025-05-02,2025-05-02T00:00:00,ACTIVE
1234568263,customer2,25,2026-05-02,plan2,2025-05-02,2025-05-02T00:00:00,PENDING
1234568264,customer2,25,2026-05-02,plan1,2025-05-02,2025-05-02T00:00:00,PENDING
1234568265,customer2,250,2026-05-02,plan1,2025-05-02,2025-05-02T00:00:00,PENDING
1234568266,customer1,25,2026-05-02,plan1,2025-05-02,2025-05-02T00:00:00,PENDING
1234568267,customer1,25,2026-05-02,plan1,2025-05-02,2025-05-02T00:00:00,ACTIVE
1234568268,customer1,25,2026-05-02,plan1,2025-05-02,2025-05-02T00:00:00,PENDING
1234568269,customer1,25,2026-05-02,plan1,2025-05-02,2025-05-02T00:00:00,ACTIVE
1234568270,customer1,25,2026-05-02,plan2,2025-05-02,2025-05-02T00:00:00,PENDING
1234568271,customer1,25,2026-05-02,plan1,2025-05-02,2025-05-02T00:00:00,PENDING
1234568272,customer1,250,2026-05-02,plan1,2025-05-02,2025-05-02T00:00:00,PENDING
1234568273,customer2,25,2026-05-02,plan2,2025-05-02,2025-05-02T00:00:00,PENDING
1234568274,customer2,25,2026-05-02,plan1,2025-05-02,2025-05-02T00:00:00,ACTIVE
1234568275,customer2,25,2026-05-02,plan1,2025-05-02,2025-05-02T00:00:00,PENDING
1234568276,customer2,25,2026-05-02,plan1,2025-05-02,2025-05-02T00:00:00,ACTIVE
1234568277,customer2,25,2026-05-02,plan1,2025-05-02,2025-05-02T00:00:00,PENDING
1234568278,customer2,25,2026-05-02,plan1,2025-05-02,2025-05-02T00:00:00,PENDING
1234568279,customer2,250,2026-05-02,plan1,2025-05-02,2025-05-02T00:00:00,PENDING
1234568280,customer2,25,2026-05-02,plan2,2025-05-02,2025-05-02T00:00:00,PENDING
1234568281,customer1,25,2026-05-02,plan1,2025-05-02,2025-05-02T00:00:00,ACTIVE
1234568282,customer1,25,2026-05-02,plan1,2025-05-02,2025-05-02T00:00:00,PENDING
1234568283,customer1,25,2026-05-02,plan2,2025-05-02,2025-05-02T00:00:00,ACTIVE
1234568284,customer1,25,2026-05-02,plan1,2025-05-02,2025-05-02T00:00:00,PENDING
1234568285,customer1,25,2026-05-02,plan1,2025-05-02,2025-05-02T00:00:00,PENDING
1234568286,customer1,250,2026-05-02,plan1,2025-05-02,2025-05-02T00:00:00,PENDING
1234568287,customer1,25,2026-05-02,plan1,2025-05-02,2025-05-02T00:00:00,PENDING
1234568288,customer2,25,2026-05-02,plan1,2025-05-02,2025-05-02T00:00:00,ACTIVE
1234568289,customer2,25,2026-05-02,plan1,2025-05-02,2025-05-02T00:00:00,PENDING
1234568290,customer2,25,2026-05-02,plan2,2025-05-02,2025-05-02T00:00:00,ACTIVE
1234568291,customer2,25,2026-05-02,plan1,2025-05-02,2025-05-02T00:00:00,PENDING
1234568292,customer2,25,2026-05-02,plan1,2025-05-02,2025-05-02T00:00:00,PENDING
1234568293,customer2,250,2026-05-02,plan2,2025-05-02,2025-05-02T00:00:00,PENDING
1234568294,customer2,25,2026-05-02,plan1,2025-05-02,2025-05-02T00:00:00,PENDING
1234568295,customer2,25,2026-05-02,plan1,2025-05-02,2025-05-02T00:00:00,ACTIVE
1234568296,customer1,25,2026-05-02,plan1,2025-05-02,2025-05-02T00:00:00,PENDING
1234568297,customer1,25,2026-05-02,plan1,2025-05-02,2025-05-02T00:00:00,ACTIVE
1234568298,customer1,25,2026-05-02,plan1,2025-05-02,2025-05-02T00:00:00,PENDING
1234568299,customer1,25,2026-05-02,plan1,2025-05-02,2025-05-02T00:00:00,PENDING
1234568300,customer1,25,2026-05-02,plan2,2025-05-02,2025-05-02T00:00:00,PENDING
1234568301,customer1,250,2026-05-02,plan1,2025-05-02,2025-05-02T00:00:00,PENDING
1234568302,customer1,25,2026-05-02,plan1,2025-05-02,2025-05-02T00:00:00,ACTIVE
1234568303,customer2,25,2026-05-02,plan2,2025-05-02,2025-05-02T00:00:00,PENDING
1234568304,customer2,25,2026-05-02,plan1,2025-05-02,2025-05-02T00:00:00,ACTIVE
1234568305,customer2,25,2026-05-02,plan1,2025-05-02,2025-05-02T00:00:00,PENDING
1234568306,customer2,25,2026-05-02,plan1,2025-05-02,2025-05-02T00:00:00,PENDING
1234568307,customer2,25,2026-05-02,plan1,2025-05-02,2025-05-02T00:00:00,PENDING
1234568308,customer2,250,2026-05-02,plan1,2025-05-02,2025-05-02T00:00:00,PENDING
1234568309,customer2,25,2026-05-02,plan1,2025-05-02,2025-05-02T00:00:00,ACTIVE
1234568310,customer2,25,2026-05-02,plan2,2025-05-02,2025-05-02T00:00:00,PENDING
1234568311,customer1,25,2026-05-02,plan1,2025-05-02,2025-05-02T00:00:00,ACTIVE
1234568312,customer1,25,2026-05-02,plan1,2025-05-02,2025-05-02T00:00:00,PENDING
1234568313,customer1,25,2026-05-02,plan2,2025-05-02,2025-05-02T00:00:00,PENDING
1234568314,customer1,25,2026-05-02,plan1,2025-05-02,2025-05-02T00:00:00,PENDING
1234568315,customer1,250,2026-05-02,plan1,2025-05-02,2025-05-02T00:00:00,PENDING
1234568316,customer1,25,2026-05-02,plan1,2025-05-02,2025-05-02T00:00:00,ACTIVE
1234568317,customer1,25,2026-05-02,plan1,2025-05-02,2025-05-02T00:00:00,PENDING
1234568318,customer2,25,2026-05-02,plan1,2025-05-02,2025-05-02T00:00:00,ACTIVE
1234568319,customer2,25,2026-05-02,plan1,2025-05-02,2025-05-02T00:00:00,PENDING
1234568320,customer2,25,2026-05-02,plan2,2025-05-02,2025-05-02T00:00:00,PENDING
1234568321,customer2,25,2026-05-02,plan1,2025-05-02,2025-05-02T00:00:00,PENDING
1234568322,customer2,250,2026-05-02,plan1,2025-05-02,2025-05-02T00:00:00,PENDING
1234568323,customer2,25,2026-05-02,plan2,2025-05-02,2025-05-02T00:00:00,ACTIVE
1234568324,customer2,25,2026-05-02,plan1,2025-05-02,2025-05-02T00:00:00,PENDING
1234568325,customer2,25,2026-05-02,plan1,2025-05-02,2025-05-02T00:00:00,ACTIVE
1234568326,customer1,25,2026-05-02,plan1,2025-05-02,2025-05-02T00:00:00,PENDING
1234568327,customer1,25,2026-05-02,plan1,2025-05-02,2025-05-02T00:00:00,PENDING
1234568328,customer1,25,2026-05-02,plan1,2025-05-02,2025-05-02T00:00:00,PENDING
1234568329,customer1,250,2026-05-02,plan1,2025-05-02,2025-05-02T00:00:00,PENDING
1234568330,customer1,25,2026-05-02,plan2,2025-05-02,2025-05-02T00:00:00,ACTIVE
1234568331,customer1,25,2026-05-02,plan1,2025-05-02,2025-05-02T00:00:00,PENDING
1234568332,customer1,25,2026-05-02,plan1,2025-05-02,2025-05-02T00:00:00,ACTIVE
1234568333,customer2,25,2026-05-02,plan2,2025-05-02,2025-05-02T00:00:00,PENDING
1234568334,customer2,25,2026-05-02,plan1,2025-05-02,2025-05-02T00:00:00,PENDING
1234568335,customer2,25,2026-05-02,plan1,2025-05-02,2025-05-02T00:00:00,PENDING
1234568336,customer2,250,2026-05-02,plan1,2025-05-02,2025-05-02T00:00:00,PENDING
1234568337,customer2,25,2026-05-02,plan1,2025-05-02,2025-05-02T00:00:00,ACTIVE
1234568338,customer2,25,2026-05-02,plan1,2025-05-02,2025-05-02T00:00:00,PENDING
1234568339,customer2,25,2026-05-02,plan1,2025-05-02,2025-05-02T00:00:00,ACTIVE
1234568340,customer2,25,2026-05-02,plan2,2025-05-02,2025-05-02T00:00:00,PENDING
1234568341,customer1,25,2026-05-02,plan1,2025-05-02,2025-05-02T00:00:00,PENDING
1234568342,customer1,25,2026-05-02,plan1,2025-05-02,2025-05-02T00:00:00,PENDING
1234568343,customer1,250,2026-05-02,plan2,2025-05-02,2025-05-02T00:00:00,PENDING
1234568344,customer1,25,2026-05-02,plan1,2025-05-02,2025-05-02T00:00:00,ACTIVE
1234568345,customer1,25,2026-05-02,plan1,2025-05-02,2025-05-02T00:00:00,PENDING
1234568346,customer1,25,2026-05-02,plan1,2025-05-02,2025-05-02T00:00:00,ACTIVE
1234568347,customer1,25,2026-05-02,plan1,2025-05-02,2025-05-02T00:00:00,PENDING
1234568348,customer2,25,2026-05-02,plan1,2025-05-02,2025-05-02T00:00:00,PENDING
1234568349,customer2,25,2026-05-02,plan1,2025-05-02,2025-05-02T00:00:00,PENDING
1234568350,customer2,250,2026-05-02,plan2,2025-05-02,2025-05-02T00:00:00,PENDING
1234568351,customer2,25,2026-05-02,plan1,2025-05-02,2025-05-02T00:00:00,ACTIVE
1234568352,customer2,25,2026-05-02,plan1,2025-05-02,2025-05-02T00:00:00,PENDING
1234568353,customer2,25,2026-05-02,plan2,2025-05-02,2025-05-02T00:00:00,ACTIVE
1234568354,customer2,25,2026-05-02,plan1,2025-05-02,2025-05-02T00:00:00,PENDING
1234568355,customer2,25,2026-05-02,plan1,2025-05-02,2025-05-02T00:00:00,PENDING
1234568356,customer1,25,2026-05-02,plan1,2025-05-02,2025-05-02T00:00:00,PENDING
1234568357,customer1,250,2026-05-02,plan1,2025-05-02,2025-05-02T00:00:00,PENDING
1234568358,customer1,25,2026-05-02,plan1,2025-05-02,2025-05-02T00:00:00,ACTIVE
1234568359,customer1,25,2026-05-02,plan1,2025-05-02,2025-05-02T00:00:00,PENDING
1234568360,customer1,25,2026-05-02,plan2,2025-05-02,2025-05-02T00:00:00,ACTIVE
1234568361,customer1,25,2026-05-02,plan1,2025-05-02,2025-05-02T00:00:00,PENDING
1234568362,customer1,25,2026-05-02,plan1,2025-05-02,2025-05-02T00:00:00,PENDING
1234568363,customer2,25,2026-05-02,plan2,2025-05-02,2025-05-02T00:00:00,PENDING
1234568364,customer2,250,2026-05-02,plan1,2025-05-02,2025-05-02T00:00:00,PENDING
1234568365,customer2,25,2026-05-02,plan1,2025-05-02,2025-05-02T00:00:00,ACTIVE
1234568366,customer2,25,2026-05-02,plan1,2025-05-02,2025-05-02T00:00:00,PENDING
1234568367,customer2,25,2026-05-02,plan1,2025-05-02,2025-05-02T00:00:00,ACTIVE
1234568368,customer2,25,2026-05-02,plan1,2025-05-02,2025-05-02T00:00:00,PENDING
1234568369,customer2,25,2026-05-02,plan1,2025-05-02,2025-05-02T00:00:00,PENDING
1234568370,customer2,25,2026-05-02,plan2,2025-05-02,2025-05-02T00:00:00,PENDING
1234568371,customer1,250,2026-05-02,plan1,2025-05-02,2025-05-02T00:00:00,PENDING
1234568372,customer1,25,2026-05-02,plan1,2025-05-02,2025-05-02T00:00:00,ACTIVE
1234568373,customer1,25,2026-05-02,plan2,2025-05-02,2025-05-02T00:00:00,PENDING
1234568374,customer1,25,2026-05-02,plan1,2025-05-02,2025-05-02T00:00:00,ACTIVE
1234568375,customer1,25,2026-05-02,plan1,2025-05-02,2025-05-02T00:00:00,PENDING
1234568376,customer1,25,2026-05-02,plan1,2025-05-02,2025-05-02T00:00:00,PENDING
1234568377,customer1,25,2026-05-02,plan1,2025-05-02,2025-05-02T00:00:00,PENDING
1234568378,customer2,250,2026-05-02,plan1,2025-05-02,2025-05-02T00:00:00,PENDING
1234568379,customer2,25,2026-05-02,plan1,2025-05-02,2025-05-02T00:00:00,ACTIVE
1234568380,customer2,25,2026-05-02,plan2,2025-05-02,2025-05-02T00:00:00,PENDING
1234568381,customer2,25,2026-05-02,plan1,2025-05-02,2025-05-02T00:00:00,ACTIVE
1234568382,customer2,25,2026-05-02,plan1,2025-05-02,2025-05-02T00:00:00,PENDING
1234568383,customer2,25,2026-05-02,plan2,2025-05-02,2025-05-02T00:00:00,PENDING
1234568384,customer2,25,2026-05-02,plan1,2025-05-02,2025-05-02T00:00:00,PENDING
1234568385,customer2,250,2026-05-02,plan1,2025-05-02,2025-05-02T00:00:00,PENDING
1234568386,customer1,25,2026-05-02,plan1,2025-05-02,2025-05-02T00:00:00,ACTIVE
1234568387,customer1,25,2026-05-02,plan1,2025-05-02,2025-05-02T00:00:00,PENDING
1234568388,customer1,25,2026-05-02,plan1,2025-05-02,2025-05-02T00:00:00,ACTIVE
1234568389,customer1,25,2026-05-02,plan1,2025-05-02,2025-05-02T00:00:00,PENDING
1234568390,customer1,25,2026-05-02,plan2,2025-05-02,2025-05-02T00:00:00,PENDING
1234568391,customer1,25,2026-05-02,plan1,2025-05-02,2025-05-02T00:00:00,PENDING
1234568392,customer1,250,2026-05-02,plan1,2025-05-02,2025-05-02T00:00:00,PENDING
1234568393,customer2,25,2026-05-02,plan2,2025-05-02,2025-05-02T00:00:00,ACTIVE
1234568394,customer2,25,2026-05-02,plan1,2025-05-02,2025-05-02T00:00:00,PENDING
1234568395,customer2,25,2026-05-02,plan1,2025-05-02,2025-05-02T00:00:00,ACTIVE
1234568396,customer2,25,2026-05-02,plan1,2025-05-02,2025-05-02T00:00:00,PENDING
1234568397,customer2,25,2026-05-02,plan1,2025-05-02,2025-05-02T00:00:00,PENDING
1234568398,customer2,25,2026-05-02,plan1,2025-05-02,2025-05-02T00:00:00,PENDING
1234568399,customer2,250,2026-05-02,plan1,2025-05-02,2025-05-02T00:00:00,PENDING
1234568400,customer2,25,2026-05-02,plan2,2025-05-02,2025-05-02T00:00:00,ACTIVE
1234568401,customer1,25,2026-05-02,plan1,2025-05-02,2025-05-02T00:00:00,PENDING
1234568402,customer1,25,2026-05-02,plan1,2025-05-02,2025-05-02T00:00:00,ACTIVE
1234568403,customer1,25,2026-05-02,plan2,2025-05-02,2025-05-02T00:00:00,PENDING
1234568404,customer1,25,2026-05-02,plan1,2025-05-02,2025-05-02T00:00:00,PENDING
1234568405,customer1,25,2026-05-02,plan1,2025-05-02,2025-05-02T00:00:00,PENDING
1234568406,customer1,250,2026-05-02,plan1,2025-05-02,2025-05-02T00:00:00,PENDING
1234568407,customer1,25,2026-05-02,plan1,2025-05-02,2025-05-02T00:00:00,ACTIVE
1234568408,customer2,25,2026-05-02,plan1,2025-05-02,2025-05-02T00:00:00,PENDING
1234568409,customer2,25,2026-05-02,plan1,2025-05-02,2025-05-02T00:00:00,ACTIVE
1234568410,customer2,25,2026-05-02,plan2,2025-05-02,2025-05-02T00:00:00,PENDING
1234568411,customer2,25,2026-05-02,plan1,2025-05-02,2025-05-02T00:00:00,PENDING
1234568412,customer2,25,2026-05-02,plan1,2025-05-02,2025-05-02T00:00:00,PENDING
1234568413,customer2,250,2026-05-02,plan2,2025-05-02,2025-05-02T00:00:00,PENDING
1234568414,customer2,25,2026-05-02,plan1,2025-05-02,2025-05-02T00:00:00,ACTIVE
1234568415,customer2,25,2026-05-02,plan1,2025-05-02,2025-05-02T00:00:00,PENDING
1234568416,customer1,25,2026-05-02,plan1,2025-05-02,2025-05-02T00:00:00,ACTIVE
1234568417,customer1,25,2026-05-02,plan1,2025-05-02,2025-05-02T00:00:00,PENDING
1234568418,customer1,25,2026-05-02,plan1,2025-05-02,2025-05-02T00:00:00,PENDING
1234568419,customer1,25,2026-05-02,plan1,2025-05-02,2025-05-02T00:00:00,PENDING
1234568420,customer1,250,2026-05-02,plan2,2025-05-02,2025-05-02T00:00:00,PENDING
1234568421,customer1,25,2026-05-02,plan1,2025-05-02,2025-05-02T00:00:00,ACTIVE
1234568422,customer1,25,2026-05-02,plan1,2025-05-02,2025-05-02T00:00:00,PENDING
1234568423,customer2,25,2026-05-02,plan2,2025-05-02,2025-05-02T00:00:00,ACTIVE
1234568424,customer2,25,2026-05-02,plan1,2025-05-02,2025-05-02T00:00:00,PENDING
1234568425,customer2,25,2026-05-02,plan1,2025-05-02,2025-05-02T00:00:00,PENDING
1234568426,customer2,25,2026-05-02,plan1,2025-05-02,2025-05-02T00:00:00,PENDING
1234568427,customer2,250,2026-05-02,plan1,2025-05-02,2025-05-02T00:00:00,PENDING
1234568428,customer2,25,2026-05-02,plan1,2025-05-02,2025-05-02T00:00:00,ACTIVE
1234568429,customer2,25,2026-05-02,plan1,2025-05-02,2025-05-02T00:00:00,PENDING
1234568430,customer2,25,2026-05-02,plan2,2025-05-02,2025-05-02T00:00:00,ACTIVE
1234568431,customer1,25,2026-05-02,plan1,2025-05-02,2025-05-02T00:00:00,PENDING
1234568432,customer1,25,2026-05-02,plan1,2025-05-02,2025-05-02T00:00:00,PENDING
1234568433,customer1,25,2026-05-02,plan2,2025-05-02,2025-05-02T00:00:00,PENDING
1234568434,customer1,250,2026-05-02,plan1,2025-05-02,2025-05-02T00:00:00,PENDING
1234568435,customer1,25,2026-05-02,plan1,2025-05-02,2025-05-02T00:00:00,ACTIVE
1234568436,customer1,25,2026-05-02,plan1,2025-05-02,2025-05-02T00:00:00,PENDING
1234568437,customer1,25,2026-05-02,plan1,2025-05-02,2025-05-02T00:00:00,ACTIVE
1234568438,customer2,25,2026-05-02,plan1,2025-05-02,2025-05-02T00:00:00,PENDING
1234568439,customer2,25,2026-05-02,plan1,2025-05-02,2025-05-02T00:00:00,PENDING
1234568440,customer2,25,2026-05-02,plan2,2025-05-02,2025-05-02T00:00:00,PENDING
1234568441,customer2,250,2026-05-02,plan1,2025-05-02,2025-05-02T00:00:00,PENDING
1234568442,customer2,25,2026-05-02,plan1,2025-05-02,2025-05-02T00:00:00,ACTIVE
1234568443,customer2,25,2026-05-02,plan2,2025-05-02,2025-05-02T00:00:00,PENDING
1234568444,customer2,25,2026-05-02,plan1,2025-05-02,2025-05-02T00:00:00,ACTIVE
1234568445,customer2,25,2026-05-02,plan1,2025-05-02,2025-05-02T00:00:00,PENDING
1234568446,customer1,25,2026-05-02,plan1,2025-05-02,2025-05-02T00:00:00,PENDING
1234568447,customer1,25,2026-05-02,plan1,2025-05-02,2025-05-02T00:00:00,PENDING
1234568448,customer1,250,2026-05-02,plan1,2025-05-02,2025-05-02T00:00:00,PENDING
1234568449,customer1,25,2026-05-02,plan1,2025-05-02,2025-05-02T00:00:00,ACTIVE
1234568450,customer1,25,2026-05-02,plan2,2025-05-02,2025-05-02T00:00:00,PENDING
1234568451,customer1,25,2026-05-02,plan1,2025-05-02,2025-05-02T00:00:00,ACTIVE
1234568452,customer1,25,2026-05-02,plan1,2025-05-02,2025-05-02T00:00:00,PENDING
1234568453,customer2,25,2026-05-02,plan2,2025-05-02,2025-05-02T00:00:00,PENDING
1234568454,customer2,25,2026-05-02,plan1,2025-05-02,2025-05-02T00:00:00,PENDING
1234568455,customer2,250,2026-05-02,plan1,2025-05-02,2025-05-02T00:00:00,PENDING
1234568456,customer2,25,2026-05-02,plan1,2025-05-02,2025-05-02T00:00:00,ACTIVE
1234568457,customer2,25,2026-05-02,plan1,2025-05-02,2025-05-02T00:00:00,PENDING
1234568458,customer2,25,2026-05-02,plan1,2025-05-02,2025-05-02T00:00:00,ACTIVE
1234568459,customer2,25,2026-05-02,plan1,2025-05-02,2025-05-02T00:00:00,PENDING
1234568460,customer2,25,2026-05-02,plan2,2025-05-02,2025-05-02T00:00:00,PENDING
1234568461,customer1,25,2026-05-02,plan1,2025-05-02,2025-05-02T00:00:00,PENDING
1234568462,customer1,250,2026-05-02,plan1,2025-05-02,2025-05-02T00:00:00,PENDING
1234568463,customer1,25,2026-05-02,plan2,2025-05-02,2025-05-02T00:00:00,ACTIVE
1234568464,customer1,25,2026-05-02,plan1,2025-05-02,2025-05-02T00:00:00,PENDING
1234568465,customer1,25,2026-05-02,plan1,2025-05-02,2025-05-02T00:00:00,ACTIVE
1234568466,customer1,25,2026-05-02,plan1,2025-05-02,2025-05-02T00:00:00,PENDING
1234568467,customer1,25,2026-05-02,plan1,2025-05-02,2025-05-02T00:00:00,PENDING
1234568468,customer2,25,2026-05-02,plan1,2025-05-02,2025-05-02T00:00:00,PENDING
1234568469,customer2,250,2026-05-02,plan1,2025-05-02,2025-05-02T00:00:00,PENDING
1234568470,customer2,25,2026-05-02,plan2,2025-05-02,2025-05-02T00:00:00,ACTIVE
1234568471,customer2,25,2026-05-02,plan1,2025-05-02,2025-05-02T00:00:00,PENDING
1234568472,customer2,25,2026-05-02,plan1,2025-05-02,2025-05-02T00:00:00,ACTIVE
1234568473,customer2,25,2026-05-02,plan2,2025-05-02,2025-05-02T00:00:00,PENDING
1234568474,customer2,25,2026-05-02,plan1,2025-05-02,2025-05-02T00:00:00,PENDING
1234568475,customer2,25,2026-05-02,plan1,2025-05-02,2025-05-02T00:00:00,PENDING
1234568476,customer1,250,2026-05-02,plan1,2025-05-02,2025-05-02T00:00:00,PENDING
1234568477,customer1,25,2026-05-02,plan1,2025-05-02,2025-05-02T00:00:00,ACTIVE
1234568478,customer1,25,2026-05-02,plan1,2025-05-02,2025-05-02T00:00:00,PENDING
1234568479,customer1,25,2026-05-02,plan1,2025-05-02,2025-05-02T00:00:00,ACTIVE
1234568480,customer1,25,2026-05-02,plan2,2025-05-02,2025-05-02T00:00:00,PENDING
1234568481,customer1,25,2026-05-02,plan1,2025-05-02,2025-05-02T00:00:00,PENDING
1234568482,customer1,25,2026-05-02,plan1,2025-05-02,2025-05-02T00:00:00,PENDING
1234568483,customer2,250,2026-05-02,plan2,2025-05-02,2025-05-02T00:00:00,PENDING
1234568484,customer2,25,2026-05-02,plan1,2025-05-02,2025-05-02T00:00:00,ACTIVE
1234568485,customer2,25,2026-05-02,plan1,2025-05-02,2025-05-02T00:00:00,PENDING
1234568486,customer2,25,2026-05-02,plan1,2025-05-02,2025-05-02T00:00:00,ACTIVE
1234568487,customer2,25,2026-05-02,plan1,2025-05-02,2025-05-02T00:00:00,PENDING
1234568488,customer2,25,2026-05-02,plan1,2025-05-02,2025-05-02T00:00:00,PENDING
1234568489,customer2,25,2026-05-02,plan1,2025-05-02,2025-05-02T00:00:00,PENDING
1234568490,customer2,250,2026-05-02,plan2,2025-05-02,2025-05-02T00:00:00,PENDING
1234568491,customer1,25,2026-05-02,plan1,2025-05-02,2025-05-02T00:00:00,ACTIVE
1234568492,customer1,25,2026-05-02,plan1,2025-05-02,2025-05-02T00:00:00,PENDING
1234568493,customer1,25,2026-05-02,plan2,2025-05-02,2025-05-02T00:00:00,ACTIVE
1234568494,customer1,25,2026-05-02,plan1,2025-05-02,2025-05-02T00:00:00,PENDING
1234568495,customer1,25,2026-05-02,plan1,2025-05-02,2025-05-02T00:00:00,PENDING
1234568496,customer1,25,2026-05-02,plan1,2025-05-02,2025-05-02T00:00:00,PENDING
1234568497,customer1,250,2026-05-02,plan1,2025-05-02,2025-05-02T00:00:00,PENDING
1234568498,customer2,25,2026-05-02,plan1,2025-05-02,2025-05-02T00:00:00,ACTIVE
1234568499,customer2,25,2026-05-02,plan1,2025-05-02,2025-05-02T00:00:00,PENDING
1234568500,customer2,25,2026-05-02,plan2,2025-05-02,2025-05-02T00:00:00,ACTIVE
1234568501,customer2,25,2026-05-02,plan1,2025-05-02,2025-05-02T00:00:00,PENDING
1234568502,customer2,25,2026-05-02,plan1,2025-05-02,2025-05-02T00:00:00,PENDING
1234568503,customer2,25,2026-05-02,plan2,2025-05-02,2025-05-02T00:00:00,PENDING
1234568504,customer2,250,2026-05-02,plan1,2025-05-02,2025-05-02T00:00:00,PENDING
1234568505,customer2,25,2026-05-02,plan1,2025-05-02,2025-05-02T00:00:00,ACTIVE
1234568506,customer1,25,2026-05-02,plan1,2025-05-02,2025-05-02T00:00:00,PENDING
1234568507,customer1,25,2026-05-02,plan1,2025-05-02,2025-05-02T00:00:00,ACTIVE
1234568508,customer1,25,2026-05-02,plan1,2025-05-02,2025-05-02T00:00:00,PENDING
1234568509,customer1,25,2026-05-02,plan1,2025-05-02,2025-05-02T00:00:00,PENDING
1234568510,customer1,25,2026-05-02,plan2,2025-05-02,2025-05-02T00:00:00,PENDING
1234568511,customer1,250,2026-05-02,plan1,2025-05-02,2025-05-02T00:00:00,PENDING
1234568512,customer1,25,2026-05-02,plan1,2025-05-02,2025-05-02T00:00:00,ACTIVE
1234568513,customer2,25,2026-05-02,plan2,2025-05-02,2025-05-02T00:00:00,PENDING
1234568514,customer2,25,2026-05-02,plan1,2025-05-02,2025-05-02T00:00:00,ACTIVE
1234568515,customer2,25,2026-05-02,plan1,2025-05-02,2025-05-02T00:00:00,PENDING
1234568516,customer2,25,2026-05-02,plan1,2025-05-02,2025-05-02T00:00:00,PENDING
1234568517,customer2,25,2026-05-02,plan1,2025-05-02,2025-05-02T00:00:00,PENDING
1234568518,customer2,250,2026-05-02,plan1,2025-05-02,2025-05-02T00:00:00,PENDING
1234568519,customer2,25,2026-05-02,plan1,2025-05-02,2025-05-02T00:00:00,ACTIVE
1234568520,customer2,25,2026-05-02,plan2,2025-05-02,2025-05-02T00:00:00,PENDING
1234568521,customer1,25,2026-05-02,plan1,2025-05-02,2025-05-02T00:00:00,ACTIVE
1234568522,customer1,25,2026-05-02,plan1,2025-05-02,2025-05-02T00:00:00,PENDING
1234568523,customer1,25,2026-05-02,plan2,2025-05-02,2025-05-02T00:00:00,PENDING
1234568524,customer1,25,2026-05-02,plan1,2025-05-02,2025-05-02T00:00:00,PENDING
1234568525,customer1,250,2026-05-02,plan1,2025-05-02,2025-05-02T00:00:00,PENDING
1234568526,customer1,25,2026-05-02,plan1,2025-05-02,2025-05-02T00:00:00,ACTIVE
1234568527,customer1,25,2026-05-02,plan1,2025-05-02,2025-05-02T00:00:00,PENDING
1234568528,customer2,25,2026-05-02,plan1,2025-05-02,2025-05-02T00:00:00,ACTIVE
1234568529,customer2,25,2026-05-02,plan1,2025-05-02,2025-05-02T00:00:00,PENDING
1234568530,customer2,25,2026-05-02,plan2,2025-05-02,2025-05-02T00:00:00,PENDING
1234568531,customer2,25,2026-05-02,plan1,2025-05-02,2025-05-02T00:00:00,PENDING
1234568532,customer2,250,2026-05-02,plan1,2025-05-02,2025-05-02T00:00:00,PENDING
1234568533,customer2,25,2026-05-02,plan2,2025-05-02,2025-05-02T00:00:00,ACTIVE
1234568534,customer2,25,2026-05-02,plan1,2025-05-02,2025-05-02T00:00:00,PENDING
1234568535,customer2,25,2026-05-02,plan1,2025-05-02,2025-05-02T00:00:00,ACTIVE
1234568536,customer1,25,2026-05-02,plan1,2025-05-02,2025-05-02T00:00:00,PENDING
1234568537,customer1,25,2026-05-02,plan1,2025-05-02,2025-05-02T00:00:00,PENDING
1234568538,customer1,25,2026-05-02,plan1,2025-05-02,2025-05-02T00:00:00,PENDING
1234568539,customer1,250,2026-05-02,plan1,2025-05-02,2025-05-02T00:00:00,PENDING
1234568540,customer1,25,2026-05-02,plan2,2025-05-02,2025-05-02T00:00:00,ACTIVE
1234568541,customer1,25,2026-05-02,plan1,2025-05-02,2025-05-02T00:00:00,PENDING
1234568542,customer1,25,2026-05-02,plan1,2025-05-02,2025-05-02T00:00:00,ACTIVE
1234568543,customer2,25,2026-05-02,plan2,2025-05-02,2025-05-02T00:00:00,PENDING
1234568544,customer2,25,2026-05-02,plan1,2025-05-02,2025-05-02T00:00:00,PENDING
1234568545,customer2,25,2026-05-02,plan1,2025-05-02,2025-05-02T00:00:00,PENDING
1234568546,customer2,25,2026-05-02,plan1,2025-05-02,2025-05-02T00:00:00,PENDING
1234568547,customer2,250,2026-05-02,plan1,2025-05-02,2025-05-02T00:00:00,ACTIVE
1234568548,customer2,25,2026-05-02,plan1,2025-05-02,2025-05-02T00:00:00,PENDING
1234568549,customer2,25,2026-05-02,plan1,2025-05-02,2025-05-02T00:00:00,ACTIVE
1234568550,customer2,25,2026-05-02,plan2,2025-05-02,2025-05-02T00:00:00,PENDING
1234568551,customer1,25,2026-05-02,plan1,2025-05-02,2025-05-02T00:00:00,PENDING
1234568552,customer1,25,2026-05-02,plan1,2025-05-02,2025-05-02T00:00:00,PENDING
1234568553,customer1,25,2026-05-02,plan2,2025-05-02,2025-05-02T00:00:00,PENDING
1234568554,customer1,250,2026-05-02,plan1,2025-05-02,2025-05-02T00:00:00,ACTIVE
1234568555,customer1,25,2026-05-02,plan1,2025-05-02,2025-05-02T00:00:00,PENDING
1234568556,customer1,25,2026-05-02,plan1,2025-05-02,2025-05-02T00:00:00,ACTIVE
1234568557,customer1,25,2026-05-02,plan1,2025-05-02,2025-05-02T00:00:00,PENDING
1234568558,customer2,25,2026-05-02,plan1,2025-05-02,2025-05-02T00:00:00,PENDING
1234568559,customer2,25,2026-05-02,plan1,2025-05-02,2025-05-02T00:00:00,PENDING
1234568560,customer2,25,2026-05-02,plan2,2025-05-02,2025-05-02T00:00:00,PENDING
1234568561,customer2,250,2026-05-02,plan1,2025-05-02,2025-05-02T00:00:00,ACTIVE
1234568562,customer2,25,2026-05-02,plan1,2025-05-02,2025-05-02T00:00:00,PENDING
1234568563,customer2,25,2026-05-02,plan2,2025-05-02,2025-05-02T00:00:00,ACTIVE
1234568564,customer2,25,2026-05-02,plan1,2025-05-02,2025-05-02T00:00:00,PENDING
1234568565,customer2,25,2026-05-02,plan1,2025-05-02,2025-05-02T00:00:00,PENDING
1234568566,customer1,25,2026-05-02,plan1,2025-05-02,2025-05-02T00:00:00,PENDING
1234568567,customer1,25,2026-05-02,plan1,2025-05-02,2025-05-02T00:00:00,PENDING
1234568568,customer1,250,2026-05-02,plan1,2025-05-02,2025-05-02T00:00:00,ACTIVE
1234568569,customer1,25,2026-05-02,plan1,2025-05-02,2025-05-02T00:00:00,PENDING
1234568570,customer1,25,2026-05-02,plan2,2025-05-02,2025-05-02T00:00:00,ACTIVE
1234568571,customer1,25,2026-05-02,plan1,2025-05-02,2025-05-02T00:00:00,PENDING
1234568572,customer1,25,2026-05-02,plan1,2025-05-02,2025-05-02T00:00:00,PENDING
1234568573,customer2,25,2026-05-02,plan2,2025-05-02,2025-05-02T00:00:00,PENDING
1234568574,customer2,25,2026-05-02,plan1,2025-05-02,2025-05-02T00:00:00,PENDING
1234568575,customer2,250,2026-05-02,plan1,2025-05-02,2025-05-02T00:00:00,ACTIVE
1234568576,customer2,25,2026-05-02,plan1,2025-05-02,2025-05-02T00:00:00,PENDING
1234568577,customer2,25,2026-05-02,plan1,2025-05-02,2025-05-02T00:00:00,ACTIVE
1234568578,customer2,25,2026-05-02,plan1,2025-05-02,2025-05-02T00:00:00,PENDING
1234568579,customer2,25,2026-05-02,plan1,2025-05-02,2025-05-02T00:00:00,PENDING
1234568580,customer2,25,2026-05-02,plan2,2025-05-02,2025-05-02T00:00:00,PENDING
1234568581,customer1,25,2026-05-02,plan1,2025-05-02,2025-05-02T00:00:00,PENDING
1234568582,customer1,250,2026-05-02,plan1,2025-05-02,2025-05-02T00:00:00,ACTIVE
1234568583,customer1,25,2026-05-02,plan2,2025-05-02,2025-05-02T00:00:00,PENDING
1234568584,customer1,25,2026-05-02,plan1,2025-05-02,2025-05-02T00:00:00,ACTIVE
1234568585,customer1,25,2026-05-02,plan1,2025-05-02,2025-05-02T00:00:00,PENDING
1234568586,customer1,25,2026-05-02,plan1,2025-05-02,2025-05-02T00:00:00,PENDING
1234568587,customer1,25,2026-05-02,plan1,2025-05-02,2025-05-02T00:00:00,PENDING
1234568588,customer2,25,2026-05-02,plan1,2025-05-02,2025-05-02T00:00:00,PENDING
1234568589,customer2,250,2026-05-02,plan1,2025-05-02,2025-05-02T00:00:00,ACTIVE
1234568590,customer2,25,2026-05-02,plan2,2025-05-02,2025-05-02T00:00:00,PENDING
1234568591,customer2,25,2026-05-02,plan1,2025-05-02,2025-05-02T00:00:00,ACTIVE
1234568592,customer2,25,2026-05-02,plan1,2025-05-02,2025-05-02T00:00:00,PENDING
1234568593,customer2,25,2026-05-02,plan2,2025-05-02,2025-05-02T00:00:00,PENDING
1234568594,customer2,25,2026-05-02,plan1,2025-05-02,2025-05-02T00:00:00,PENDING
1234568595,customer2,25,2026-05-02,plan1,2025-05-02,2025-05-02T00:00:00,PENDING
1234568596,customer1,250,2026-05-02,plan1,2025-05-02,2025-05-02T00:00:00,ACTIVE
1234568597,customer1,25,2026-05-02,plan1,2025-05-02,2025-05-02T00:00:00,PENDING
1234568598,customer1,25,2026-05-02,plan1,2025-05-02,2025-05-02T00:00:00,ACTIVE
1234568599,customer1,25,2026-05-02,plan1,2025-05-02,2025-05-02T00:00:00,PENDING
1234568600,customer1,25,2026-05-02,plan2,2025-05-02,2025-05-02T00:00:00,PENDING
1234568601,customer1,25,2026-05-02,plan1,2025-05-02,2025-05-02T00:00:00,PENDING
1234568602,customer1,25,2026-05-02,plan1,2025-05-02,2025-05-02T00:00:00,PENDING
1234568603,customer2,250,2026-05-02,plan2,2025-05-02,2025-05-02T00:00:00,ACTIVE
1234568604,customer2,25,2026-05-02,plan1,2025-05-02,2025-05-02T00:00:00,PENDING
1234568605,customer2,25,2026-05-02,plan1,2025-05-02,2025-05-02T00:00:00,ACTIVE
1234568606,customer2,25,2026-05-02,plan1,2025-05-02,2025-05-02T00:00:00,PENDING
1234568607,customer2,25,2026-05-02,plan1,2025-05-02,2025-05-02T00:00:00,PENDING
1234568608,customer2,25,2026-05-02,plan1,2025-05-02,2025-05-02T00:00:00,PENDING
1234568609,customer2,25,2026-05-02,plan1,2025-05-02,2025-05-02T00:00:00,PENDING
1234568610,customer2,250,2026-05-02,plan2,2025-05-02,2025-05-02T00:00:00,ACTIVE
1234568611,customer1,25,2026-05-02,plan1,2025-05-02,2025-05-02T00:00:00,PENDING
1234568612,customer1,25,2026-05-02,plan1,2025-05-02,2025-05-02T00:00:00,ACTIVE
1234568613,customer1,25,2026-05-02,plan2,2025-05-02,2025-05-02T00:00:00,PENDING
1234568614,customer1,25,2026-05-02,plan1,2025-05-02,2025-05-02T00:00:00,PENDING
1234568615,customer1,25,2026-05-02,plan1,2025-05-02,2025-05-02T00:00:00,PENDING
1234568616,customer1,25,2026-05-02,plan1,2025-05-02,2025-05-02T00:00:00,PENDING
1234568617,customer1,250,2026-05-02,plan1,2025-05-02,2025-05-02T00:00:00,ACTIVE
1234568618,customer2,25,2026-05-02,plan1,2025-05-02,2025-05-02T00:00:00,PENDING
1234568619,customer2,25,2026-05-02,plan1,2025-05-02,2025-05-02T00:00:00,ACTIVE
1234568620,customer2,25,2026-05-02,plan2,2025-05-02,2025-05-02T00:00:00,PENDING
1234568621,customer2,25,2026-05-02,plan1,2025-05-02,2025-05-02T00:00:00,PENDING
1234568622,customer2,25,2026-05-02,plan1,2025-05-02,2025-05-02T00:00:00,PENDING
1234568623,customer2,25,2026-05-02,plan2,2025-05-02,2025-05-02T00:00:00,PENDING
1234568624,customer2,250,2026-05-02,plan1,2025-05-02,2025-05-02T00:00:00,ACTIVE
1234568625,customer2,25,2026-05-02,plan1,2025-05-02,2025-05-02T00:00:00,PENDING
1234568626,customer1,25,2026-05-02,plan1,2025-05-02,2025-05-02T00:00:00,ACTIVE
1234568627,customer1,25,2026-05-02,plan1,2025-05-02,2025-05-02T00:00:00,PENDING
1234568628,customer1,25,2026-05-02,plan1,2025-05-02,2025-05-02T00:00:00,PENDING
1234568629,customer1,25,2026-05-02,plan1,2025-05-02,2025-05-02T00:00:00,PENDING
1234568630,customer1,25,2026-05-02,plan2,2025-05-02,2025-05-02T00:00:00,PENDING
1234568631,customer1,250,2026-05-02,plan1,2025-05-02,2025-05-02T00:00:00,ACTIVE
1234568632,customer1,25,2026-05-02,plan1,2025-05-02,2025-05-02T00:00:00,PENDING
1234568633,customer2,25,2026-05-02,plan2,2025-05-02,2025-05-02T00:00:00,ACTIVE
1234568634,customer2,25,2026-05-02,plan1,2025-05-02,2025-05-02T00:00:00,PENDING
1234568635,customer2,25,2026-05-02,plan1,2025-05-02,2025-05-02T00:00:00,PENDING
1234568636,customer2,25,2026-05-02,plan1,2025-05-02,2025-05-02T00:00:00,PENDING
1234568637,customer2,25,2026-05-02,plan1,2025-05-02,2025-05-02T00:00:00,PENDING
1234568638,customer2,250,2026-05-02,plan1,2025-05-02,2025-05-02T00:00:00,ACTIVE
1234568639,customer2,25,2026-05-02,plan1,2025-05-02,2025-05-02T00:00:00,PENDING
1234568640,customer2,25,2026-05-02,plan2,2025-05-02,2025-05-02T00:00:00,ACTIVE
1234568641,customer1,25,2026-05-02,plan1,2025-05-02,2025-05-02T00:00:00,PENDING
1234568642,customer1,25,2026-05-02,plan1,2025-05-02,2025-05-02T00:00:00,PENDING
1234568643,customer1,25,2026-05-02,plan2,2025-05-02,2025-05-02T00:00:00,PENDING
1234568644,customer1,25,2026-05-02,plan1,2025-05-02,2025-05-02T00:00:00,PENDING
1234568645,customer1,250,2026-05-02,plan1,2025-05-02,2025-05-02T00:00:00,ACTIVE
1234568646,customer1,25,2026-05-02,plan1,2025-05-02,2025-05-02T00:00:00,PENDING
1234568647,customer1,25,2026-05-02,plan1,2025-05-02,2025-05-02T00:00:00,ACTIVE
1234568648,customer2,25,2026-05-02,plan1,2025-05-02,2025-05-02T00:00:00,PENDING
1234568649,customer2,25,2026-05-02,plan1,2025-05-02,2025-05-02T00:00:00,PENDING
1234568650,customer2,25,2026-05-02,plan2,2025-05-02,2025-05-02T00:00:00,PENDING
1234568651,customer2,25,2026-05-02,plan1,2025-05-02,2025-05-02T00:00:00,PENDING
1234568652,customer2,250,2026-05-02,plan1,2025-05-02,2025-05-02T00:00:00,ACTIVE
1234568653,customer2,25,2026-05-02,plan2,2025-05-02,2025-05-02T00:00:00,PENDING
1234568654,customer2,25,2026-05-02,plan1,2025-05-02,2025-05-02T00:00:00,ACTIVE
1234568655,customer2,25,2026-05-02,plan1,2025-05-02,2025-05-02T00:00:00,PENDING
1234568656,customer1,25,2026-05-02,plan1,2025-05-02,2025-05-02T00:00:00,PENDING
1234568657,customer1,25,2026-05-02,plan1,2025-05-02,2025-05-02T00:00:00,PENDING
1234568658,customer1,25,2026-05-02,plan1,2025-05-02,2025-05-02T00:00:00,PENDING
1234568659,customer1,250,2026-05-02,plan1,2025-05-02,2025-05-02T00:00:00,ACTIVE
1234568660,customer1,25,2026-05-02,plan2,2025-05-02,2025-05-02T00:00:00,PENDING
1234568661,customer1,25,2026-05-02,plan1,2025-05-02,2025-05-02T00:00:00,ACTIVE
1234568662,customer1,25,2026-05-02,plan1,2025-05-02,2025-05-02T00:00:00,PENDING
1234568663,customer2,25,2026-05-02,plan2,2025-05-02,2025-05-02T00:00:00,PENDING
1234568664,customer2,25,2026-05-02,plan1,2025-05-02,2025-05-02T00:00:00,PENDING
1234568665,customer2,25,2026-05-02,plan1,2025-05-02,2025-05-02T00:00:00,PENDING
1234568666,customer2,250,2026-05-02,plan1,2025-05-02,2025-05-02T00:00:00,ACTIVE
1234568667,customer2,25,2026-05-02,plan1,2025-05-02,2025-05-02T00:00:00,PENDING
1234568668,customer2,25,2026-05-02,plan1,2025-05-02,2025-05-02T00:00:00,ACTIVE
1234568669,customer2,25,2026-05-02,plan1,2025-05-02,2025-05-02T00:00:00,PENDING
1234568670,customer2,25,2026-05-02,plan2,2025-05-02,2025-05-02T00:00:00,PENDING
1234568671,customer1,25,2026-05-02,plan1,2025-05-02,2025-05-02T00:00:00,PENDING
1234568672,customer1,25,2026-05-02,plan1,2025-05-02,2025-05-02T00:00:00,PENDING
1234568673,customer1,250,2026-05-02,plan2,2025-05-02,2025-05-02T00:00:00,ACTIVE
1234568674,customer1,25,2026-05-02,plan1,2025-05-02,2025-05-02T00:00:00,PENDING
1234568675,customer1,25,2026-05-02,plan1,2025-05-02,2025-05-02T00:00:00,ACTIVE
1234568676,customer1,25,2026-05-02,plan1,2025-05-02,2025-05-02T00:00:00,PENDING
1234568677,customer1,25,2026-05-02,plan1,2025-05-02,2025-05-02T00:00:00,PENDING
1234568678,customer2,25,2026-05-02,plan1,2025-05-02,2025-05-02T00:00:00,PENDING
1234568679,customer2,25,2026-05-02,plan1,2025-05-02,2025-05-02T00:00:00,PENDING
1234568680,customer2,250,2026-05-02,plan2,2025-05-02,2025-05-02T00:00:00,ACTIVE
1234568681,customer2,25,2026-05-02,plan1,2025-05-02,2025-05-02T00:00:00,PENDING
1234568682,customer2,25,2026-05-02,plan1,2025-05-02,2025-05-02T00:00:00,ACTIVE
1234568683,customer2,25,2026-05-02,plan2,2025-05-02,2025-05-02T00:00:00,PENDING
1234568684,customer2,25,2026-05-02,plan1,2025-05-02,2025-05-02T00:00:00,PENDING
1234568685,customer2,25,2026-05-02,plan1,2025-05-02,2025-05-02T00:00:00,PENDING
1234568686,customer1,25,2026-05-02,plan1,2025-05-02,2025-05-02T00:00:00,PENDING
1234568687,customer1,250,2026-05-02,plan1,2025-05-02,2025-05-02T00:00:00,ACTIVE
1234568688,customer1,25,2026-05-02,plan1,2025-05-02,2025-05-02T00:00:00,PENDING
1234568689,customer1,25,2026-05-02,plan1,2025-05-02,2025-05-02T00:00:00,ACTIVE
1234568690,customer1,25,2026-05-02,plan2,2025-05-02,2025-05-02T00:00:00,PENDING
1234568691,customer1,25,2026-05-02,plan1,2025-05-02,2025-05-02T00:00:00,PENDING
1234568692,customer1,25,2026-05-02,plan1,2025-05-02,2025-05-02T00:00:00,PENDING
1234568693,customer2,25,2026-05-02,plan2,2025-05-02,2025-05-02T00:00:00,PENDING
1234568694,customer2,250,2026-05-02,plan1,2025-05-02,2025-05-02T00:00:00,ACTIVE
1234568695,customer2,25,2026-05-02,plan1,2025-05-02,2025-05-02T00:00:00,PENDING
1234568696,customer2,25,2026-05-02,plan1,2025-05-02,2025-05-02T00:00:00,ACTIVE
1234568697,customer2,25,2026-05-02,plan1,2025-05-02,2025-05-02T00:00:00,PENDING
1234568698,customer2,25,2026-05-02,plan1,2025-05-02,2025-05-02T00:00:00,PENDING
1234568699,customer2,25,2026-05-02,plan1,2025-05-02,2025-05-02T00:00:00,PENDING
1234568700,customer2,25,2026-05-02,plan2,2025-05-02,2025-05-02T00:00:00,PENDING
1234568701,customer1,250,2026-05-02,plan1,2025-05-02,2025-05-02T00:00:00,ACTIVE
1234568702,customer1,25,2026-05-02,plan1,2025-05-02,2025-05-02T00:00:00,PENDING
1234568703,customer1,25,2026-05-02,plan2,2025-05-02,2025-05-02T00:00:00,ACTIVE
1234568704,customer1,25,2026-05-02,plan1,2025-05-02,2025-05-02T00:00:00,PENDING
1234568705,customer1,25,2026-05-02,plan1,2025-05-02,2025-05-02T00:00:00,PENDING
1234568706,customer1,25,2026-05-02,plan1,2025-05-02,2025-05-02T00:00:00,PENDING
1234568707,customer1,25,2026-05-02,plan1,2025-05-02,2025-05-02T00:00:00,PENDING
1234568708,customer2,250,2026-05-02,plan1,2025-05-02,2025-05-02T00:00:00,ACTIVE
1234568709,customer2,25,2026-05-02,plan1,2025-05-02,2025-05-02T00:00:00,PENDING
1234568710,customer2,25,2026-05-02,plan2,2025-05-02,2025-05-02T00:00:00,ACTIVE
1234568711,customer2,25,2026-05-02,plan1,2025-05-02,2025-05-02T00:00:00,PENDING
1234568712,customer2,25,2026-05-02,plan1,2025-05-02,2025-05-02T00:00:00,PENDING
1234568713,customer2,25,2026-05-02,plan2,2025-05-02,2025-05-02T00:00:00,PENDING
1234568714,customer2,25,2026-05-02,plan1,2025-05-02,2025-05-02T00:00:00,PENDING
1234568715,customer2,250,2026-05-02,plan1,2025-05-02,2025-05-02T00:00:00,ACTIVE
1234568716,customer1,25,2026-05-02,plan1,2025-05-02,2025-05-02T00:00:00,PENDING
1234568717,customer1,25,2026-05-02,plan1,2025-05-02,2025-05-02T00:00:00,ACTIVE
1234568718,customer1,25,2026-05-02,plan1,2025-05-02,2025-05-02T00:00:00,PENDING
1234568719,customer1,25,2026-05-02,plan1,2025-05-02,2025-05-02T00:00:00,PENDING
1234568720,customer1,25,2026-05-02,plan2,2025-05-02,2025-05-02T00:00:00,PENDING
1234568721,customer1,25,2026-05-02,plan1,2025-05-02,2025-05-02T00:00:00,PENDING
1234568722,customer1,250,2026-05-02,plan1,2025-05-02,2025-05-02T00:00:00,ACTIVE
1234568723,customer2,25,2026-05-02,plan2,2025-05-02,2025-05-02T00:00:00,PENDING
1234568724,customer2,25,2026-05-02,plan1,2025-05-02,2025-05-02T00:00:00,ACTIVE
1234568725,customer2,25,2026-05-02,plan1,2025-05-02,2025-05-02T00:00:00,PENDING
1234568726,customer2,25,2026-05-02,plan1,2025-05-02,2025-05-02T00:00:00,PENDING
1234568727,customer2,25,2026-05-02,plan1,2025-05-02,2025-05-02T00:00:00,PENDING
1234568728,customer2,25,2026-05-02,plan1,2025-05-02,2025-05-02T00:00:00,PENDING
1234568729,customer2,250,2026-05-02,plan1,2025-05-02,2025-05-02T00:00:00,ACTIVE
1234568730,customer2,25,2026-05-02,plan2,2025-05-02,2025-05-02T00:00:00,PENDING
1234568731,customer1,25,2026-05-02,plan1,2025-05-02,2025-05-02T00:00:00,ACTIVE
1234568732,customer1,25,2026-05-02,plan1,2025-05-02,2025-05-02T00:00:00,PENDING
1234568733,customer1,25,2026-05-02,plan2,2025-05-02,2025-05-02T00:00:00,PENDING
1234568734,customer1,25,2026-05-02,plan1,2025-05-02,2025-05-02T00:00:00,PENDING
1234568735,customer1,25,2026-05-02,plan1,2025-05-02,2025-05-02T00:00:00,PENDING
1234568736,customer1,250,2026-05-02,plan1,2025-05-02,2025-05-02T00:00:00,ACTIVE
1234568737,customer1,25,2026-05-02,plan1,2025-05-02,2025-05-02T00:00:00,PENDING
1234568738,customer2,25,2026-05-02,plan1,2025-05-02,2025-05-02T00:00:00,ACTIVE
1234568739,customer2,25,2026-05-02,plan1,2025-05-02,2025-05-02T00:00:00,PENDING
1234568740,customer2,25,2026-05-02,plan2,2025-05-02,2025-05-02T00:00:00,PENDING
1234568741,customer2,25,2026-05-02,plan1,2025-05-02,2025-05-02T00:00:00,PENDING
1234568742,customer2,25,2026-05-02,plan1,2025-05-02,2025-05-02T00:00:00,PENDING
1234568743,customer2,250,2026-05-02,plan2,2025-05-02,2025-05-02T00:00:00,ACTIVE
1234568744,customer2,25,2026-05-02,plan1,2025-05-02,2025-05-02T00:00:00,PENDING
1234568745,customer2,25,2026-05-02,plan1,2025-05-02,2025-05-02T00:00:00,ACTIVE
1234568746,customer1,25,2026-05-02,plan1,2025-05-02,2025-05-02T00:00:00,PENDING
1234568747,customer1,25,2026-05-02,plan1,2025-05-02,2025-05-02T00:00:00,PENDING
1234568748,customer1,25,2026-05-02,plan1,2025-05-02,2025-05-02T00:00:00,PENDING
1234568749,customer1,25,2026-05-02,plan1,2025-05-02,2025-05-02T00:00:00,PENDING
1234568750,customer1,250,2026-05-02,plan2,2025-05-02,2025-05-02T00:00:00,ACTIVE
1234568751,customer1,25,2026-05-02,plan1,2025-05-02,2025-05-02T00:00:00,PENDING
1234568752,customer1,25,2026-05-02,plan1,2025-05-02,2025-05-02T00:00:00,ACTIVE
1234568753,customer2,25,2026-05-02,plan2,2025-05-02,2025-05-02T00:00:00,PENDING
1234568754,customer2,25,2026-05-02,plan1,2025-05-02,2025-05-02T00:00:00,PENDING
1234568755,customer2,25,2026-05-02,plan1,2025-05-02,2025-05-02T00:00:00,PENDING
1234568756,customer2,25,2026-05-02,plan1,2025-05-02,2025-05-02T00:00:00,PENDING
1234568757,customer2,250,2026-05-02,plan1,2025-05-02,2025-05-02T00:00:00,ACTIVE
1234568758,customer2,25,2026-05-02,plan1,2025-05-02,2025-05-02T00:00:00,PENDING
1234568759,customer2,25,2026-05-02,plan1,2025-05-02,2025-05-02T00:00:00,ACTIVE
1234568760,customer2,25,2026-05-02,plan2,2025-05-02,2025-05-02T00:00:00,PENDING
1234568761,customer1,25,2026-05-02,plan1,2025-05-02,2025-05-02T00:00:00,PENDING
1234568762,customer1,25,2026-05-02,plan1,2025-05-02,2025-05-02T00:00:00,PENDING
1234568763,customer1,25,2026-05-02,plan2,2025-05-02,2025-05-02T00:00:00,PENDING
1234568764,customer1,250,2026-05-02,plan1,2025-05-02,2025-05-02T00:00:00,ACTIVE
1234568765,customer1,25,2026-05-02,plan1,2025-05-02,2025-05-02T00:00:00,PENDING
1234568766,customer1,25,2026-05-02,plan1,2025-05-02,2025-05-02T00:00:00,ACTIVE
1234568767,customer1,25,2026-05-02,plan1,2025-05-02,2025-05-02T00:00:00,PENDING
1234568768,customer2,25,2026-05-02,plan1,2025-05-02,2025-05-02T00:00:00,PENDING
1234568769,customer2,25,2026-05-02,plan1,2025-05-02,2025-05-02T00:00:00,PENDING
1234568770,customer2,25,2026-05-02,plan2,2025-05-02,2025-05-02T00:00:00,PENDING
1234568771,customer2,250,2026-05-02,plan1,2025-05-02,2025-05-02T00:00:00,ACTIVE
1234568772,customer2,25,2026-05-02,plan1,2025-05-02,2025-05-02T00:00:00,PENDING
1234568773,customer2,25,2026-05-02,plan2,2025-05-02,2025-05-02T00:00:00,ACTIVE
1234568774,customer2,25,2026-05-02,plan1,2025-05-02,2025-05-02T00:00:00,PENDING
1234568775,customer2,25,2026-05-02,plan1,2025-05-02,2025-05-02T00:00:00,PENDING
1234568776,customer1,25,2026-05-02,plan1,2025-05-02,2025-05-02T00:00:00,PENDING
1234568777,customer1,25,2026-05-02,plan1,2025-05-02,2025-05-02T00:00:00,PENDING
1234568778,customer1,250,2026-05-02,plan1,2025-05-02,2025-05-02T00:00:00,ACTIVE
1234568779,customer1,25,2026-05-02,plan1,2025-05-02,2025-05-02T00:00:00,PENDING
1234568780,customer1,25,2026-05-02,plan2,2025-05-02,2025-05-02T00:00:00,ACTIVE
1234568781,customer1,25,2026-05-02,plan1,2025-05-02,2025-05-02T00:00:00,PENDING
1234568782,customer1,25,2026-05-02,plan1,2025-05-02,2025-05-02T00:00:00,PENDING
1234568783,customer2,25,2026-05-02,plan2,2025-05-02,2025-05-02T00:00:00,PENDING
1234568784,customer2,25,2026-05-02,plan1,2025-05-02,2025-05-02T00:00:00,PENDING
1234568785,customer2,250,2026-05-02,plan1,2025-05-02,2025-05-02T00:00:00,ACTIVE
1234568786,customer2,25,2026-05-02,plan1,2025-05-02,2025-05-02T00:00:00,PENDING
1234568787,customer2,25,2026-05-02,plan1,2025-05-02,2025-05-02T00:00:00,ACTIVE
1234568788,customer2,25,2026-05-02,plan1,2025-05-02,2025-05-02T00:00:00,PENDING
1234568789,customer2,25,2026-05-02,plan1,2025-05-02,2025-05-02T00:00:00,PENDING
1234568790,customer2,25,2026-05-02,plan2,2025-05-02,2025-05-02T00:00:00,PENDING
1234568791,customer1,25,2026-05-02,plan1,2025-05-02,2025-05-02T00:00:00,PENDING
1234568792,customer1,25,2026-05-02,plan1,2025-05-02,2025-05-02T00:00:00,ACTIVE
1234568793,customer1,25,2026-05-02,plan2,2025-05-02,2025-05-02T00:00:00,PENDING
1234568794,customer1,25,2026-05-02,plan1,2025-05-02,2025-05-02T00:00:00,ACTIVE
1234568795,customer1,250,2026-05-02,plan1,2025-05-02,2025-05-02T00:00:00,PENDING
1234568796,customer1,25,2026-05-02,plan1,2025-05-02,2025-05-02T00:00:00,PENDING
1234568797,customer1,25,2026-05-02,plan1,2025-05-02,2025-05-02T00:00:00,PENDING
1234568798,customer2,25,2026-05-02,plan1,2025-05-02,2025-05-02T00:00:00,PENDING
1234568799,customer2,25,2026-05-02,plan1,2025-05-02,2025-05-02T00:00:00,ACTIVE
1234568800,customer2,25,2026-05-02,plan2,2025-05-02,2025-05-02T00:00:00,PENDING
1234568811,customer1,25,2026-05-02,plan1,2025-05-02,2025-05-02T00:00:00,PENDING
1234568812,customer1,25,2026-05-02,plan1,2025-05-02,2025-05-02T00:00:00,PENDING
1234568813,customer1,250,2026-05-02,plan2,2025-05-02,2025-05-02T00:00:00,PENDING
1234568814,customer1,25,2026-05-02,plan1,2025-05-02,2025-05-02T00:00:00,PENDING
1234568815,customer1,25,2026-05-02,plan1,2025-05-02,2025-05-02T00:00:00,ACTIVE
1234568816,customer1,25,2026-05-02,plan1,2025-05-02,2025-05-02T00:00:00,PENDING
1234568817,customer1,25,2026-05-02,plan1,2025-05-02,2025-05-02T00:00:00,ACTIVE
